"po_item_id","purchase_order_id","product_id","quantity","unit_cost","total_cost","expected_delivery_date"
1,1,6,246,175.7,43222.95,"2023-02-03"
2,1,10,122,51.43,6274.67,"2023-02-03"
3,1,11,175,361.11,63194.57,"2023-02-03"
4,1,7,54,134.07,7239.91,"2023-02-03"
5,1,5,145,156.31,22665.07,"2023-02-03"
6,1,8,105,52.58,5520.41,"2023-02-03"
7,1,10,116,52.4,6078.84,"2023-02-03"
8,1,8,153,59.5,9102.76,"2023-02-03"
9,2,3,100,490.74,49074.31,"2023-02-18"
10,2,8,227,49.89,11324.4,"2023-02-18"
11,2,5,213,154.82,32976.45,"2023-02-18"
12,2,5,251,139.49,35013.03,"2023-02-18"
13,2,5,219,158.37,34682.26,"2023-02-18"
14,2,8,165,57.65,9512.83,"2023-02-18"
15,3,4,108,488.67,52776.42,"2023-01-22"
16,3,10,187,49.6,9275.83,"2023-01-22"
17,3,3,91,420.24,38241.56,"2023-01-22"
18,3,8,205,56.97,11678.0,"2023-01-22"
19,3,4,90,438.04,39423.29,"2023-01-22"
20,3,10,262,54.91,14385.63,"2023-01-22"
21,4,8,137,49.87,6832.37,"2023-02-16"
22,4,10,100,55.38,5537.8,"2023-02-16"
23,4,11,113,380.0,42940.47,"2023-02-16"
24,4,10,208,51.09,10626.74,"2023-02-16"
25,5,5,164,146.09,23958.15,"2023-01-29"
26,5,8,117,52.65,6159.77,"2023-01-29"
27,5,7,58,128.3,7441.43,"2023-01-29"
28,5,6,186,180.55,33581.95,"2023-01-29"
29,5,10,220,60.15,13233.73,"2023-01-29"
30,5,6,107,184.36,19726.71,"2023-01-29"
31,5,11,83,370.33,30737.16,"2023-01-29"
32,5,2,190,478.08,90835.04,"2023-01-29"
33,6,8,277,57.62,15961.72,"2023-02-05"
34,7,4,89,479.82,42703.82,"2023-02-10"
35,7,8,151,53.42,8066.91,"2023-02-10"
36,7,6,234,161.11,37698.61,"2023-02-10"
37,8,3,156,469.17,73190.04,"2023-01-31"
38,8,1,111,426.52,47343.52,"2023-01-31"
39,9,11,192,384.53,73829.92,"2023-01-20"
40,9,2,156,490.46,76511.81,"2023-01-20"
41,9,2,101,531.74,53706.02,"2023-01-20"
42,9,12,130,736.88,95794.41,"2023-01-20"
43,9,10,161,51.3,8258.63,"2023-01-20"
44,10,11,198,402.64,79722.9,"2023-02-01"
45,10,8,127,57.57,7311.13,"2023-02-01"
46,10,1,144,381.02,54866.93,"2023-02-01"
47,11,11,141,417.46,58862.12,"2023-02-01"
48,11,10,148,60.46,8948.6,"2023-02-01"
49,12,5,233,139.74,32560.09,"2023-01-20"
50,12,8,271,54.16,14676.61,"2023-01-20"
51,12,8,211,49.66,10478.33,"2023-01-20"
52,12,3,84,485.62,40791.67,"2023-01-20"
53,12,11,126,435.99,54934.85,"2023-01-20"
54,13,9,129,257.07,33162.0,"2023-01-28"
55,13,4,168,441.43,74159.88,"2023-01-28"
56,13,5,108,159.45,17220.08,"2023-01-28"
57,13,8,145,56.46,8186.97,"2023-01-28"
58,13,7,61,153.68,9374.29,"2023-01-28"
59,14,3,73,488.7,35675.04,"2023-02-04"
60,14,6,213,182.54,38880.88,"2023-02-04"
61,14,11,111,393.92,43724.96,"2023-02-04"
62,15,9,147,238.83,35108.54,"2023-02-21"
63,16,7,77,149.2,11488.49,"2023-02-02"
64,16,5,105,148.54,15597.05,"2023-02-02"
65,16,10,123,53.99,6640.77,"2023-02-02"
66,16,1,225,394.57,88777.88,"2023-02-02"
67,16,3,165,491.98,81176.05,"2023-02-02"
68,16,10,178,56.82,10114.69,"2023-02-02"
69,16,10,227,54.88,12457.2,"2023-02-02"
70,16,8,149,58.25,8678.76,"2023-02-02"
71,17,4,79,491.51,38829.05,"2023-02-06"
72,17,2,127,484.6,61543.74,"2023-02-06"
73,17,4,180,510.28,91850.03,"2023-02-06"
74,17,6,294,186.58,54855.53,"2023-02-06"
75,17,5,206,159.73,32904.08,"2023-02-06"
76,17,5,164,136.13,22325.82,"2023-02-06"
77,17,11,98,427.31,41876.68,"2023-02-06"
78,18,12,80,769.97,61598.0,"2023-01-21"
79,18,1,196,370.39,72596.61,"2023-01-21"
80,18,9,94,264.72,24883.38,"2023-01-21"
81,18,10,135,50.95,6878.31,"2023-01-21"
82,18,6,296,154.69,45787.34,"2023-01-21"
83,18,2,113,506.67,57253.4,"2023-01-21"
84,18,12,80,699.92,55993.42,"2023-01-21"
85,18,4,76,514.82,39126.22,"2023-01-21"
86,19,7,56,139.19,7794.87,"2023-01-14"
87,20,1,164,362.37,59428.27,"2023-02-02"
88,20,10,238,51.91,12354.63,"2023-02-02"
89,20,2,249,527.52,131353.26,"2023-02-02"
90,20,2,104,526.0,54704.2,"2023-02-02"
91,21,6,213,182.93,38963.35,"2023-01-26"
92,21,3,124,478.54,59338.74,"2023-01-26"
93,21,6,143,174.06,24889.99,"2023-01-26"
94,21,6,280,171.88,48127.5,"2023-01-26"
95,21,11,137,365.05,50011.23,"2023-01-26"
96,22,2,172,528.97,90982.04,"2023-02-02"
97,22,3,96,454.92,43672.01,"2023-02-02"
98,22,5,276,161.59,44597.55,"2023-02-02"
99,22,12,58,770.2,44671.85,"2023-02-02"
100,22,9,87,254.03,22100.95,"2023-02-02"
101,22,5,192,164.09,31504.53,"2023-02-02"
102,23,11,96,422.04,40516.15,"2023-01-15"
103,23,5,108,160.78,17364.16,"2023-01-15"
104,23,8,117,50.54,5913.66,"2023-01-15"
105,24,4,204,468.96,95668.6,"2023-01-27"
106,25,6,223,161.28,35966.4,"2023-01-20"
107,25,7,81,140.98,11419.02,"2023-01-20"
108,25,9,205,233.59,47886.83,"2023-01-20"
109,25,3,158,475.46,75122.4,"2023-01-20"
110,26,12,129,704.64,90898.52,"2023-01-21"
111,26,10,199,52.2,10387.1,"2023-01-21"
112,27,5,212,146.03,30958.96,"2023-01-26"
113,27,12,92,753.92,69360.66,"2023-01-26"
114,27,10,273,58.66,16014.49,"2023-01-26"
115,27,7,128,139.06,17800.26,"2023-01-26"
116,27,10,134,52.4,7021.12,"2023-01-26"
117,28,8,248,54.03,13400.59,"2023-01-21"
118,28,1,148,367.32,54363.5,"2023-01-21"
119,28,8,264,49.69,13117.13,"2023-01-21"
120,29,10,112,60.36,6759.79,"2023-02-04"
121,29,7,90,132.71,11943.74,"2023-02-04"
122,29,10,178,53.55,9531.85,"2023-02-04"
123,29,4,140,516.18,72265.41,"2023-02-04"
124,29,1,191,410.56,78416.84,"2023-02-04"
125,29,7,60,133.1,7986.05,"2023-02-04"
126,30,8,242,59.75,14460.68,"2023-02-23"
127,30,7,73,138.6,10117.84,"2023-02-23"
128,31,2,189,549.7,103893.26,"2023-02-26"
129,31,10,254,52.14,13244.75,"2023-02-26"
130,32,5,160,159.57,25531.14,"2023-02-18"
131,32,6,115,164.78,18949.38,"2023-02-18"
132,33,12,110,698.83,76871.03,"2023-02-26"
133,33,8,263,49.56,13034.4,"2023-02-26"
134,33,2,180,565.04,101706.5,"2023-02-26"
135,33,7,52,148.08,7700.02,"2023-02-26"
136,34,4,181,504.83,91374.02,"2023-03-04"
137,35,11,172,417.67,71838.7,"2023-03-10"
138,35,6,248,154.25,38254.9,"2023-03-10"
139,35,6,250,157.64,39410.95,"2023-03-10"
140,36,5,257,142.0,36494.28,"2023-03-11"
141,36,7,132,149.37,19716.6,"2023-03-11"
142,36,2,151,492.63,74387.24,"2023-03-11"
143,36,10,135,57.84,7808.69,"2023-03-11"
144,36,10,93,50.7,4714.71,"2023-03-11"
145,36,10,156,58.14,9070.0,"2023-03-11"
146,36,9,157,247.26,38820.27,"2023-03-11"
147,36,9,223,250.53,55868.33,"2023-03-11"
148,37,8,192,53.29,10231.02,"2023-03-09"
149,37,11,68,384.7,26159.42,"2023-03-09"
150,37,11,87,362.66,31551.62,"2023-03-09"
151,37,1,235,392.19,92163.71,"2023-03-09"
152,38,5,263,141.98,37341.51,"2023-03-19"
153,38,11,145,434.73,63036.53,"2023-03-19"
154,38,6,104,177.99,18510.61,"2023-03-19"
155,38,9,137,244.96,33559.03,"2023-03-19"
156,38,7,121,138.11,16711.9,"2023-03-19"
157,38,5,114,145.48,16584.48,"2023-03-19"
158,39,6,245,178.05,43622.76,"2023-02-28"
159,39,3,140,408.13,57138.55,"2023-02-28"
160,39,7,48,152.32,7311.42,"2023-02-28"
161,39,6,203,185.06,37567.49,"2023-02-28"
162,39,10,230,50.56,11629.26,"2023-02-28"
163,39,1,251,426.35,107014.5,"2023-02-28"
164,39,12,99,784.9,77705.46,"2023-02-28"
165,40,11,148,365.81,54139.18,"2023-02-20"
166,40,5,159,143.67,22843.85,"2023-02-20"
167,41,8,294,52.24,15360.02,"2023-03-19"
168,42,9,144,258.53,37228.0,"2023-03-08"
169,42,9,94,248.41,23350.79,"2023-03-08"
170,42,6,161,180.87,29120.42,"2023-03-08"
171,42,5,133,143.54,19090.6,"2023-03-08"
172,43,12,89,799.49,71154.8,"2023-03-02"
173,43,9,230,258.36,59423.67,"2023-03-02"
174,43,2,198,535.28,105985.88,"2023-03-02"
175,43,12,147,707.94,104067.32,"2023-03-02"
176,43,11,102,361.07,36829.0,"2023-03-02"
177,43,9,129,274.51,35411.31,"2023-03-02"
178,43,3,145,452.97,65681.35,"2023-03-02"
179,44,9,196,229.27,44937.45,"2023-03-14"
180,45,4,207,486.89,100785.35,"2023-03-21"
181,45,11,146,408.87,59695.53,"2023-03-21"
182,45,11,84,380.58,31968.86,"2023-03-21"
183,45,11,107,377.05,40344.2,"2023-03-21"
184,45,7,79,129.03,10193.26,"2023-03-21"
185,45,3,137,473.42,64858.95,"2023-03-21"
186,45,5,248,160.41,39782.18,"2023-03-21"
187,46,8,147,51.39,7554.25,"2023-03-01"
188,46,1,208,389.5,81016.46,"2023-03-01"
189,46,3,140,461.48,64607.2,"2023-03-01"
190,46,12,130,808.21,105067.74,"2023-03-01"
191,46,9,198,248.97,49296.57,"2023-03-01"
192,46,4,175,483.58,84625.7,"2023-03-01"
193,46,2,88,553.5,48707.73,"2023-03-01"
194,46,2,158,498.08,78696.21,"2023-03-01"
195,47,4,181,505.55,91504.8,"2023-03-04"
196,47,5,106,158.06,16754.34,"2023-03-04"
197,47,12,56,793.72,44448.46,"2023-03-04"
198,47,5,181,140.64,25455.02,"2023-03-04"
199,47,5,186,140.62,26155.14,"2023-03-04"
200,47,1,238,383.73,91328.23,"2023-03-04"
201,48,8,289,57.55,16631.5,"2023-03-17"
202,48,10,157,55.43,8703.24,"2023-03-17"
203,48,4,98,474.74,46524.95,"2023-03-17"
204,48,2,248,525.22,130254.5,"2023-03-17"
205,48,11,95,399.87,37987.68,"2023-03-17"
206,49,9,162,270.83,43874.82,"2023-03-07"
207,49,4,154,481.85,74204.78,"2023-03-07"
208,49,12,60,725.54,43532.35,"2023-03-07"
209,49,10,119,51.76,6159.49,"2023-03-07"
210,49,5,283,135.42,38322.77,"2023-03-07"
211,49,4,114,469.43,53515.1,"2023-03-07"
212,49,6,135,175.61,23707.06,"2023-03-07"
213,49,1,99,402.64,39861.69,"2023-03-07"
214,50,7,113,134.05,15147.66,"2023-03-10"
215,50,10,154,51.97,8003.6,"2023-03-10"
216,50,3,81,437.63,35447.66,"2023-03-10"
217,50,1,174,364.11,63355.7,"2023-03-10"
218,50,12,74,782.08,57874.11,"2023-03-10"
219,50,12,66,685.81,45263.75,"2023-03-10"
220,51,10,126,60.2,7585.42,"2023-03-04"
221,51,6,239,163.34,39037.69,"2023-03-04"
222,51,6,155,169.27,26236.21,"2023-03-04"
223,51,8,232,57.68,13381.98,"2023-03-04"
224,51,2,126,542.54,68360.2,"2023-03-04"
225,51,8,288,49.84,14353.52,"2023-03-04"
226,52,10,150,51.5,7725.08,"2023-04-11"
227,52,3,135,468.59,63259.48,"2023-04-11"
228,52,8,233,57.19,13325.13,"2023-04-11"
229,52,4,181,474.63,85907.34,"2023-04-11"
230,52,8,280,52.75,14769.28,"2023-04-11"
231,52,9,147,254.68,37438.23,"2023-04-11"
232,52,2,164,551.06,90373.31,"2023-04-11"
233,52,2,133,544.54,72424.17,"2023-04-11"
234,53,2,107,498.6,53350.05,"2023-04-05"
235,53,4,131,469.93,61561.38,"2023-04-05"
236,53,1,166,401.52,66653.1,"2023-04-05"
237,53,9,110,246.37,27100.74,"2023-04-05"
238,54,11,127,403.78,51280.62,"2023-04-19"
239,54,1,106,379.55,40232.61,"2023-04-19"
240,54,9,91,230.99,21019.66,"2023-04-19"
241,54,8,289,54.62,15784.33,"2023-04-19"
242,54,11,166,421.7,70002.14,"2023-04-19"
243,54,3,109,450.7,49126.28,"2023-04-19"
244,55,1,257,429.14,110287.8,"2023-03-30"
245,56,1,215,371.4,79851.46,"2023-04-10"
246,56,5,245,164.33,40260.37,"2023-04-10"
247,56,4,176,479.66,84419.44,"2023-04-10"
248,56,2,216,521.49,112640.91,"2023-04-10"
249,56,2,121,557.31,67434.94,"2023-04-10"
250,57,11,87,401.46,34926.7,"2023-04-13"
251,58,9,173,269.74,46665.11,"2023-03-24"
252,58,6,189,169.46,32027.35,"2023-03-24"
253,58,3,186,411.04,76453.11,"2023-03-24"
254,58,9,91,267.85,24374.35,"2023-03-24"
255,58,12,86,765.03,65792.96,"2023-03-24"
256,58,10,170,58.57,9956.69,"2023-03-24"
257,58,12,53,814.89,43188.91,"2023-03-24"
258,58,1,222,412.82,91646.52,"2023-03-24"
259,59,5,181,149.66,27088.7,"2023-03-29"
260,59,1,212,394.72,83679.6,"2023-03-29"
261,59,11,189,380.87,71984.04,"2023-03-29"
262,60,5,152,141.73,21543.3,"2023-03-20"
263,60,5,294,164.42,48338.45,"2023-03-20"
264,61,1,201,433.02,87036.75,"2023-03-19"
265,61,3,175,472.15,82626.18,"2023-03-19"
266,61,5,289,147.86,42732.45,"2023-03-19"
267,61,2,246,475.2,116898.33,"2023-03-19"
268,61,10,222,51.67,11470.84,"2023-03-19"
269,61,1,134,406.83,54514.76,"2023-03-19"
270,61,12,133,774.9,103061.79,"2023-03-19"
271,62,2,113,469.57,53061.7,"2023-04-18"
272,62,6,227,169.5,38476.1,"2023-04-18"
273,62,2,180,490.76,88337.44,"2023-04-18"
274,62,4,109,453.04,49381.57,"2023-04-18"
275,63,8,148,59.32,8778.96,"2023-03-31"
276,63,6,247,156.93,38760.54,"2023-03-31"
277,63,7,71,149.03,10581.33,"2023-03-31"
278,63,4,199,434.14,86393.73,"2023-03-31"
279,63,3,184,479.55,88236.86,"2023-03-31"
280,63,12,124,819.88,101664.59,"2023-03-31"
281,63,5,177,159.94,28309.14,"2023-03-31"
282,63,6,110,179.19,19711.41,"2023-03-31"
283,64,1,108,380.78,41124.7,"2023-04-11"
284,64,10,195,58.8,11465.31,"2023-04-11"
285,64,9,228,248.19,56587.81,"2023-04-11"
286,64,6,282,177.54,50066.14,"2023-04-11"
287,65,6,211,163.66,34531.71,"2023-03-24"
288,65,5,100,164.09,16408.92,"2023-03-24"
289,65,11,155,377.1,58451.24,"2023-03-24"
290,65,11,99,418.5,41431.84,"2023-03-24"
291,65,3,71,407.88,28959.39,"2023-03-24"
292,65,8,281,56.92,15993.68,"2023-03-24"
293,66,3,179,442.17,79148.64,"2023-05-01"
294,66,4,124,452.22,56074.82,"2023-05-01"
295,66,3,148,465.63,68913.07,"2023-05-01"
296,66,7,126,145.22,18298.21,"2023-05-01"
297,66,12,105,711.33,74689.25,"2023-05-01"
298,66,11,141,426.57,60146.57,"2023-05-01"
299,66,5,239,143.73,34352.27,"2023-05-01"
300,66,6,133,177.52,23610.61,"2023-05-01"
301,67,1,215,379.76,81648.2,"2023-05-17"
302,67,4,184,492.26,90575.11,"2023-05-17"
303,67,11,194,413.08,80137.06,"2023-05-17"
304,67,8,174,55.02,9573.98,"2023-05-17"
305,67,11,105,406.35,42667.07,"2023-05-17"
306,67,3,109,472.97,51554.03,"2023-05-17"
307,68,3,144,438.83,63191.43,"2023-05-12"
308,68,11,155,426.04,66036.34,"2023-05-12"
309,68,12,142,729.9,103645.67,"2023-05-12"
310,68,1,90,413.05,37174.72,"2023-05-12"
311,68,6,105,181.2,19026.1,"2023-05-12"
312,68,6,190,167.34,31793.81,"2023-05-12"
313,68,4,90,488.24,43941.65,"2023-05-12"
314,68,4,99,468.48,46379.16,"2023-05-12"
315,69,11,107,376.35,40269.53,"2023-05-06"
316,69,1,88,363.21,31962.72,"2023-05-06"
317,70,5,240,162.42,38981.65,"2023-05-08"
318,70,8,142,59.67,8472.65,"2023-05-08"
319,70,1,238,368.32,87661.13,"2023-05-08"
320,70,11,112,409.67,45883.37,"2023-05-08"
321,70,6,247,184.54,45581.13,"2023-05-08"
322,70,5,182,156.76,28530.95,"2023-05-08"
323,71,12,124,718.62,89109.04,"2023-04-29"
324,71,9,116,251.41,29163.73,"2023-04-29"
325,71,3,121,483.28,58476.83,"2023-04-29"
326,72,8,197,49.68,9787.43,"2023-05-09"
327,72,3,89,452.01,40228.47,"2023-05-09"
328,73,9,147,257.64,37873.04,"2023-04-26"
329,73,10,268,58.44,15661.22,"2023-04-26"
330,73,4,156,426.12,66475.15,"2023-04-26"
331,73,6,221,174.91,38654.66,"2023-04-26"
332,73,1,164,406.78,66712.19,"2023-04-26"
333,74,11,132,429.23,56657.92,"2023-05-02"
334,74,8,120,59.38,7125.38,"2023-05-02"
335,74,5,201,143.47,28837.09,"2023-05-02"
336,74,1,170,421.35,71628.73,"2023-05-02"
337,74,1,228,438.02,99867.63,"2023-05-02"
338,75,12,140,742.02,103883.49,"2023-04-29"
339,75,6,295,173.27,51114.01,"2023-04-29"
340,75,2,179,522.72,93566.4,"2023-04-29"
341,75,9,204,242.5,49469.1,"2023-04-29"
342,75,8,207,58.92,12196.12,"2023-04-29"
343,75,11,187,411.48,76946.04,"2023-04-29"
344,75,1,119,428.74,51019.71,"2023-04-29"
345,75,8,151,59.08,8920.78,"2023-04-29"
346,76,12,72,675.04,48603.18,"2023-04-22"
347,77,7,98,153.08,15001.63,"2023-05-07"
348,77,11,188,361.86,68029.43,"2023-05-07"
349,77,8,226,50.32,11371.88,"2023-05-07"
350,77,9,182,243.95,44398.16,"2023-05-07"
351,78,11,116,379.17,43983.58,"2023-05-07"
352,78,11,139,405.36,56344.66,"2023-05-07"
353,79,1,146,420.58,61404.93,"2023-04-30"
354,79,5,194,157.78,30609.8,"2023-04-30"
355,79,2,144,483.14,69571.96,"2023-04-30"
356,80,12,119,795.81,94701.83,"2023-05-27"
357,80,2,115,509.07,58542.92,"2023-05-27"
358,80,7,60,131.95,7916.83,"2023-05-27"
359,80,12,49,717.73,35168.91,"2023-05-27"
360,80,3,113,473.59,53515.94,"2023-05-27"
361,81,4,146,494.65,72219.47,"2023-06-07"
362,82,10,182,52.23,9505.44,"2023-05-30"
363,82,11,93,429.7,39962.14,"2023-05-30"
364,82,6,126,166.3,20953.83,"2023-05-30"
365,82,5,137,150.9,20673.39,"2023-05-30"
366,82,3,103,464.81,47875.71,"2023-05-30"
367,82,10,237,55.41,13132.93,"2023-05-30"
368,82,2,111,566.99,62935.59,"2023-05-30"
369,83,7,123,130.42,16041.67,"2023-05-23"
370,83,2,95,563.32,53515.06,"2023-05-23"
371,84,10,271,59.52,16131.2,"2023-05-27"
372,84,7,57,136.05,7754.99,"2023-05-27"
373,84,10,142,54.03,7671.69,"2023-05-27"
374,84,8,227,59.95,13609.21,"2023-05-27"
375,85,4,165,462.4,76295.58,"2023-06-11"
376,85,7,138,130.28,17978.76,"2023-06-11"
377,85,12,70,699.52,48966.44,"2023-06-11"
378,86,10,259,58.04,15031.22,"2023-05-23"
379,86,9,135,233.17,31478.21,"2023-05-23"
380,86,9,155,256.59,39770.88,"2023-05-23"
381,86,8,113,53.95,6096.38,"2023-05-23"
382,86,7,141,151.56,21369.79,"2023-05-23"
383,87,10,119,57.13,6798.43,"2023-05-29"
384,87,11,121,388.34,46988.9,"2023-05-29"
385,87,4,161,442.56,71252.89,"2023-05-29"
386,87,1,104,419.7,43649.08,"2023-05-29"
387,87,8,215,55.0,11825.06,"2023-05-29"
388,88,3,123,441.69,54327.5,"2023-06-02"
389,88,3,145,479.78,69568.56,"2023-06-02"
390,88,8,270,58.3,15741.13,"2023-06-02"
391,88,1,175,408.1,71416.75,"2023-06-02"
392,88,4,166,496.65,82444.13,"2023-06-02"
393,88,4,106,457.24,48467.42,"2023-06-02"
394,88,4,129,446.97,57658.69,"2023-06-02"
395,89,12,118,774.71,91415.82,"2023-05-16"
396,89,5,242,146.12,35360.15,"2023-05-16"
397,90,9,125,240.63,30078.69,"2023-06-21"
398,90,11,128,415.7,53209.08,"2023-06-21"
399,90,1,156,427.46,66683.6,"2023-06-21"
400,90,6,228,155.27,35401.71,"2023-06-21"
401,90,8,141,52.09,7344.07,"2023-06-21"
402,90,1,167,426.06,71152.79,"2023-06-21"
403,90,4,92,514.77,47358.61,"2023-06-21"
404,90,5,241,153.23,36929.15,"2023-06-21"
405,91,1,108,427.29,46147.84,"2023-05-27"
406,91,4,146,484.7,70766.69,"2023-05-27"
407,91,9,130,229.51,29836.24,"2023-05-27"
408,91,3,73,479.23,34983.88,"2023-05-27"
409,91,1,235,394.63,92737.97,"2023-05-27"
410,92,1,133,370.79,49314.52,"2023-05-18"
411,92,7,136,130.12,17696.26,"2023-05-18"
412,92,5,234,137.56,32188.31,"2023-05-18"
413,92,4,145,445.64,64617.68,"2023-05-18"
414,92,8,273,56.52,15429.45,"2023-05-18"
415,92,2,174,479.57,83445.81,"2023-05-18"
416,93,10,156,56.92,8879.2,"2023-05-22"
417,93,2,209,495.25,103508.18,"2023-05-22"
418,93,4,94,431.84,40593.29,"2023-05-22"
419,93,6,223,183.1,40832.17,"2023-05-22"
420,94,7,102,138.09,14084.99,"2023-05-22"
421,94,12,87,739.04,64296.44,"2023-05-22"
422,94,4,133,459.51,61114.51,"2023-05-22"
423,94,4,135,462.79,62477.14,"2023-05-22"
424,95,2,195,474.14,92457.57,"2023-05-24"
425,95,1,200,429.19,85838.88,"2023-05-24"
426,95,12,98,750.05,73504.59,"2023-05-24"
427,95,5,245,143.54,35168.21,"2023-05-24"
428,95,4,140,502.17,70304.37,"2023-05-24"
429,96,4,166,461.35,76583.88,"2023-05-29"
430,96,6,148,155.9,23072.52,"2023-05-29"
431,97,6,289,157.04,45384.72,"2023-05-27"
432,97,9,188,256.21,48167.45,"2023-05-27"
433,98,7,94,127.4,11975.61,"2023-05-16"
434,98,4,191,477.34,91171.86,"2023-05-16"
435,98,6,279,178.32,49750.76,"2023-05-16"
436,98,4,165,500.08,82512.94,"2023-05-16"
437,98,5,294,154.78,45506.09,"2023-05-16"
438,99,7,122,127.57,15563.2,"2023-05-30"
439,99,9,150,252.88,37932.55,"2023-05-30"
440,99,2,115,548.84,63116.2,"2023-05-30"
441,99,5,286,141.01,40329.9,"2023-05-30"
442,99,6,227,173.01,39273.81,"2023-05-30"
443,99,7,141,130.76,18436.61,"2023-05-30"
444,100,8,112,49.57,5551.83,"2023-06-08"
445,101,6,131,172.94,22654.9,"2023-06-14"
446,101,12,83,684.1,56780.62,"2023-06-14"
447,102,3,178,427.67,76124.64,"2023-07-01"
448,102,1,186,365.0,67889.63,"2023-07-01"
449,102,2,173,517.34,89499.44,"2023-07-01"
450,102,6,163,179.7,29290.93,"2023-07-01"
451,102,5,188,154.85,29111.92,"2023-07-01"
452,102,10,157,57.52,9029.88,"2023-07-01"
453,102,4,141,448.32,63213.34,"2023-07-01"
454,103,2,137,552.67,75716.24,"2023-06-21"
455,103,5,291,142.85,41570.6,"2023-06-21"
456,103,12,123,766.27,94250.82,"2023-06-21"
457,103,11,80,400.77,32062.0,"2023-06-21"
458,103,6,221,183.13,40472.75,"2023-06-21"
459,103,7,79,128.66,10164.13,"2023-06-21"
460,104,1,238,429.01,102104.06,"2023-06-30"
461,104,5,169,139.06,23500.45,"2023-06-30"
462,104,10,180,55.61,10009.11,"2023-06-30"
463,105,4,214,453.24,96993.32,"2023-06-27"
464,105,4,177,487.52,86290.56,"2023-06-27"
465,105,10,262,59.75,15653.3,"2023-06-27"
466,105,11,182,410.56,74721.11,"2023-06-27"
467,105,4,211,471.9,99571.56,"2023-06-27"
468,106,3,183,427.28,78192.66,"2023-06-28"
469,106,10,222,49.59,11008.72,"2023-06-28"
470,106,3,81,424.67,34398.34,"2023-06-28"
471,106,5,202,135.8,27432.26,"2023-06-28"
472,106,6,176,168.7,29690.54,"2023-06-28"
473,106,12,51,755.82,38546.95,"2023-06-28"
474,107,4,190,453.97,86254.49,"2023-06-20"
475,107,3,173,476.3,82399.96,"2023-06-20"
476,107,1,195,403.82,78745.05,"2023-06-20"
477,107,8,211,58.27,12295.79,"2023-06-20"
478,107,10,103,51.07,5260.17,"2023-06-20"
479,107,8,113,57.79,6530.6,"2023-06-20"
480,108,7,137,140.36,19228.76,"2023-06-24"
481,108,12,65,816.95,53102.02,"2023-06-24"
482,108,3,115,452.35,52019.74,"2023-06-24"
483,108,9,236,254.78,60128.99,"2023-06-24"
484,109,6,155,182.83,28338.29,"2023-06-26"
485,109,12,133,700.0,93099.9,"2023-06-26"
486,110,11,100,391.98,39198.06,"2023-06-11"
487,110,4,211,436.05,92006.51,"2023-06-11"
488,110,11,142,425.79,60462.11,"2023-06-11"
489,110,10,146,60.13,8778.49,"2023-06-11"
490,110,10,96,58.56,5622.02,"2023-06-11"
491,110,9,198,265.8,52629.02,"2023-06-11"
492,110,3,135,412.2,55647.12,"2023-06-11"
493,111,3,146,457.93,66857.56,"2023-07-08"
494,111,9,143,251.4,35949.79,"2023-07-08"
495,111,11,136,377.75,51374.31,"2023-07-08"
496,111,12,86,759.8,65342.82,"2023-07-08"
497,111,9,137,225.41,30881.55,"2023-07-08"
498,112,12,69,768.05,52995.4,"2023-07-13"
499,112,10,257,53.76,13816.85,"2023-07-13"
500,112,2,181,530.24,95973.95,"2023-07-13"
501,112,10,224,60.07,13456.53,"2023-07-13"
502,112,5,190,148.24,28165.69,"2023-07-13"
503,112,11,185,398.96,73808.33,"2023-07-13"
504,112,5,210,149.53,31400.4,"2023-07-13"
505,113,2,123,541.99,66664.61,"2023-07-22"
506,113,1,252,398.61,100450.41,"2023-07-22"
507,113,12,125,818.11,102264.31,"2023-07-22"
508,113,11,119,412.73,49115.13,"2023-07-22"
509,114,3,111,475.95,52830.36,"2023-06-14"
510,114,1,104,360.53,37495.08,"2023-06-14"
511,114,6,189,160.61,30355.43,"2023-06-14"
512,115,8,208,59.61,12399.62,"2023-07-02"
513,115,5,168,162.71,27334.98,"2023-07-02"
514,115,12,110,764.82,84129.91,"2023-07-02"
515,115,10,139,53.04,7372.89,"2023-07-02"
516,115,4,148,429.33,63541.3,"2023-07-02"
517,115,10,210,51.51,10817.3,"2023-07-02"
518,115,12,130,706.9,91896.9,"2023-07-02"
519,115,7,84,139.61,11726.9,"2023-07-02"
520,116,5,149,156.64,23339.94,"2023-06-22"
521,116,3,121,426.95,51661.32,"2023-06-22"
522,116,9,144,244.39,35191.72,"2023-06-22"
523,116,8,282,54.16,15272.38,"2023-06-22"
524,116,4,204,435.51,88844.78,"2023-06-22"
525,116,4,146,514.79,75159.49,"2023-06-22"
526,116,5,209,155.73,32546.96,"2023-06-22"
527,116,10,197,53.86,10611.01,"2023-06-22"
528,117,4,128,515.15,65939.49,"2023-06-16"
529,117,5,194,135.03,26195.06,"2023-06-16"
530,117,2,200,516.56,103312.53,"2023-06-16"
531,117,10,177,52.82,9349.37,"2023-06-16"
532,117,12,126,731.17,92127.84,"2023-06-16"
533,118,2,135,486.39,65662.29,"2023-07-11"
534,118,3,107,465.1,49766.06,"2023-07-11"
535,118,11,144,394.36,56787.89,"2023-07-11"
536,118,6,280,180.89,50650.19,"2023-07-11"
537,118,10,103,60.16,6196.72,"2023-07-11"
538,119,2,221,497.32,109906.85,"2023-07-25"
539,119,9,203,262.37,53262.01,"2023-07-25"
540,119,9,102,258.99,26417.11,"2023-07-25"
541,120,9,173,245.47,42465.52,"2023-07-02"
542,120,7,139,133.32,18530.82,"2023-07-02"
543,120,4,81,471.48,38189.92,"2023-07-02"
544,120,7,99,150.3,14880.12,"2023-07-02"
545,120,8,221,53.22,11761.5,"2023-07-02"
546,120,1,120,435.88,52305.44,"2023-07-02"
547,120,10,165,51.83,8551.98,"2023-07-02"
548,121,8,281,50.63,14226.54,"2023-06-19"
549,121,8,230,53.61,12330.38,"2023-06-19"
550,121,12,63,814.71,51326.72,"2023-06-19"
551,121,8,205,52.86,10835.96,"2023-06-19"
552,121,1,249,406.22,101149.73,"2023-06-19"
553,121,9,84,232.33,19515.8,"2023-06-19"
554,121,9,127,264.04,33533.13,"2023-06-19"
555,121,12,53,737.86,39106.74,"2023-06-19"
556,122,4,186,489.37,91022.42,"2023-07-17"
557,122,10,248,57.29,14206.85,"2023-07-17"
558,122,3,167,481.81,80461.79,"2023-07-17"
559,122,12,144,693.33,99839.29,"2023-07-17"
560,122,2,130,498.52,64807.88,"2023-07-17"
561,122,9,224,228.29,51136.98,"2023-07-17"
562,122,2,179,543.28,97246.38,"2023-07-17"
563,123,5,256,160.35,41049.21,"2023-07-20"
564,123,3,130,422.77,54960.14,"2023-07-20"
565,123,12,147,703.98,103485.71,"2023-07-20"
566,123,3,64,486.94,31164.11,"2023-07-20"
567,123,3,156,406.38,63394.63,"2023-07-20"
568,123,11,137,432.1,59197.47,"2023-07-20"
569,123,12,62,814.99,50529.55,"2023-07-20"
570,124,3,165,453.0,74744.89,"2023-08-21"
571,125,1,199,412.62,82111.82,"2023-08-20"
572,125,7,135,138.63,18714.83,"2023-08-20"
573,125,10,255,52.7,13438.55,"2023-08-20"
574,125,6,166,158.06,26237.36,"2023-08-20"
575,125,12,98,785.4,76969.0,"2023-08-20"
576,126,11,72,413.48,29770.26,"2023-07-17"
577,127,3,65,408.71,26565.86,"2023-07-26"
578,127,12,101,728.23,73550.94,"2023-07-26"
579,128,9,210,262.6,55145.97,"2023-08-01"
580,128,7,130,138.36,17986.76,"2023-08-01"
581,128,1,147,405.33,59583.04,"2023-08-01"
582,128,3,122,427.65,52172.71,"2023-08-01"
583,128,10,161,57.44,9247.62,"2023-08-01"
584,128,8,222,52.93,11750.24,"2023-08-01"
585,128,8,161,55.34,8909.59,"2023-08-01"
586,128,6,115,161.54,18577.31,"2023-08-01"
587,129,6,280,157.89,44209.4,"2023-07-25"
588,129,11,123,394.01,48463.3,"2023-07-25"
589,129,9,124,250.08,31010.15,"2023-07-25"
590,129,9,168,241.77,40618.17,"2023-07-25"
591,129,8,269,58.79,15815.4,"2023-07-25"
592,129,9,194,243.25,47191.39,"2023-07-25"
593,129,2,172,541.81,93191.35,"2023-07-25"
594,130,6,196,161.94,31739.69,"2023-08-02"
595,130,4,216,512.02,110595.8,"2023-08-02"
596,130,5,274,135.36,37088.99,"2023-08-02"
597,130,4,110,452.59,49784.78,"2023-08-02"
598,130,10,217,56.5,12261.17,"2023-08-02"
599,131,9,194,274.39,53231.34,"2023-08-23"
600,131,8,291,55.56,16168.59,"2023-08-23"
601,131,6,244,160.12,39070.4,"2023-08-23"
602,131,7,79,129.46,10227.38,"2023-08-23"
603,131,6,170,163.32,27764.47,"2023-08-23"
604,131,5,242,158.74,38415.28,"2023-08-23"
605,132,6,167,168.82,28192.36,"2023-08-07"
606,132,11,115,376.81,43332.66,"2023-08-07"
607,132,6,209,173.0,36156.59,"2023-08-07"
608,132,4,194,492.83,95609.61,"2023-08-07"
609,132,3,123,491.43,60445.95,"2023-08-07"
610,132,5,213,150.9,32140.74,"2023-08-07"
611,132,6,103,158.57,16332.62,"2023-08-07"
612,133,4,167,462.39,77219.63,"2023-07-24"
613,133,6,283,172.55,48830.88,"2023-07-24"
614,133,7,105,141.05,14810.71,"2023-07-24"
615,134,10,229,53.46,12242.41,"2023-07-18"
616,134,11,84,425.36,35730.05,"2023-07-18"
617,134,10,99,60.1,5949.74,"2023-07-18"
618,134,4,93,499.6,46463.19,"2023-07-18"
619,134,9,193,271.49,52397.32,"2023-07-18"
620,134,2,257,504.72,129712.56,"2023-07-18"
621,134,11,148,377.48,55866.6,"2023-07-18"
622,135,1,199,386.65,76942.62,"2023-08-01"
623,136,8,247,56.14,13866.83,"2023-07-31"
624,136,7,62,153.04,9488.34,"2023-07-31"
625,136,2,129,507.2,65428.91,"2023-07-31"
626,136,2,244,477.27,116454.91,"2023-07-31"
627,137,11,108,378.97,40928.96,"2023-08-16"
628,137,1,195,364.61,71098.66,"2023-08-16"
629,137,3,173,465.51,80532.8,"2023-08-16"
630,137,5,224,139.47,31241.72,"2023-08-16"
631,137,1,90,403.87,36348.14,"2023-08-16"
632,138,8,139,57.5,7992.67,"2023-08-04"
633,139,3,173,422.84,73150.81,"2023-07-21"
634,139,9,236,271.45,64062.09,"2023-07-21"
635,139,4,218,429.5,93631.9,"2023-07-21"
636,139,2,185,566.41,104785.38,"2023-07-21"
637,139,12,71,695.89,49407.92,"2023-07-21"
638,139,5,284,136.41,38740.09,"2023-07-21"
639,139,10,257,57.26,14715.6,"2023-07-21"
640,140,8,226,50.67,11451.56,"2023-07-28"
641,140,11,96,374.0,35904.41,"2023-07-28"
642,140,3,115,419.51,48243.16,"2023-07-28"
643,140,8,279,58.66,16365.47,"2023-07-28"
644,140,4,126,428.0,53928.23,"2023-07-28"
645,140,7,79,140.21,11076.96,"2023-07-28"
646,140,8,169,56.82,9603.07,"2023-07-28"
647,141,4,141,513.21,72362.27,"2023-07-13"
648,141,1,227,402.51,91369.88,"2023-07-13"
649,142,5,273,163.07,44517.78,"2023-07-23"
650,142,9,83,267.74,22222.3,"2023-07-23"
651,142,1,189,406.52,76833.09,"2023-07-23"
652,143,6,231,165.26,38174.58,"2023-08-07"
653,144,8,195,58.57,11421.71,"2023-08-31"
654,144,2,215,535.79,115195.75,"2023-08-31"
655,145,12,55,733.43,40338.4,"2023-09-09"
656,146,2,105,505.02,53027.43,"2023-08-14"
657,146,6,251,161.14,40445.37,"2023-08-14"
658,146,3,136,466.81,63486.14,"2023-08-14"
659,146,6,200,166.07,33214.73,"2023-08-14"
660,146,10,154,52.24,8045.19,"2023-08-14"
661,147,6,156,156.54,24420.03,"2023-09-24"
662,147,7,58,128.39,7446.87,"2023-09-24"
663,147,9,158,243.23,38430.34,"2023-09-24"
664,147,5,215,158.51,34080.67,"2023-09-24"
665,148,2,205,483.28,99072.55,"2023-08-15"
666,149,7,112,147.27,16494.56,"2023-08-24"
667,149,9,151,255.27,38546.07,"2023-08-24"
668,149,5,109,158.64,17291.83,"2023-08-24"
669,149,2,246,542.7,133504.86,"2023-08-24"
670,150,12,108,738.41,79748.39,"2023-09-11"
671,150,2,186,564.98,105086.28,"2023-09-11"
672,150,8,243,51.13,12425.41,"2023-09-11"
673,151,3,173,430.43,74464.88,"2023-08-26"
674,151,2,95,509.28,48381.14,"2023-08-26"
675,151,6,278,155.89,43336.15,"2023-08-26"
676,151,9,103,266.28,27426.98,"2023-08-26"
677,151,9,237,234.83,55655.09,"2023-08-26"
678,151,3,63,466.04,29360.7,"2023-08-26"
679,152,7,81,131.7,10667.64,"2023-09-16"
680,152,3,115,437.36,50296.24,"2023-09-16"
681,152,2,196,487.08,95468.3,"2023-09-16"
682,152,11,195,435.12,84848.06,"2023-09-16"
683,152,10,221,59.26,13095.68,"2023-09-16"
684,152,12,131,725.32,95017.09,"2023-09-16"
685,153,3,143,434.87,62185.89,"2023-08-29"
686,153,2,150,556.11,83416.8,"2023-08-29"
687,153,8,201,60.22,12103.63,"2023-08-29"
688,153,4,106,501.53,53162.43,"2023-08-29"
689,154,6,104,176.14,18318.26,"2023-09-02"
690,154,8,262,49.89,13070.62,"2023-09-02"
691,154,4,101,475.2,47995.43,"2023-09-02"
692,154,10,131,54.01,7075.48,"2023-09-02"
693,154,3,111,464.66,51577.47,"2023-09-02"
694,154,7,66,132.52,8746.15,"2023-09-02"
695,155,7,144,152.27,21927.11,"2023-09-03"
696,155,8,207,51.34,10627.38,"2023-09-03"
697,155,10,214,52.75,11287.47,"2023-09-03"
698,156,6,108,157.33,16991.14,"2023-08-27"
699,156,6,192,164.96,31673.2,"2023-08-27"
700,156,5,263,139.11,36586.56,"2023-08-27"
701,156,4,154,437.13,67317.87,"2023-08-27"
702,157,11,193,372.91,71972.42,"2023-08-28"
703,158,7,63,141.82,8934.36,"2023-09-08"
704,158,5,287,158.5,45489.6,"2023-09-08"
705,158,5,265,151.83,40236.2,"2023-09-08"
706,158,11,133,384.66,51159.82,"2023-09-08"
707,158,11,112,419.1,46939.22,"2023-09-08"
708,158,10,157,57.49,9025.54,"2023-09-08"
709,158,5,175,138.25,24194.61,"2023-09-08"
710,159,5,174,142.6,24811.95,"2023-08-27"
711,159,6,214,184.06,39388.26,"2023-08-27"
712,159,3,63,483.42,30455.46,"2023-08-27"
713,159,2,172,482.13,82926.63,"2023-08-27"
714,160,6,267,154.32,41204.41,"2023-10-11"
715,160,3,176,406.84,71604.57,"2023-10-11"
716,160,6,277,185.14,51282.67,"2023-10-11"
717,160,9,83,241.52,20045.98,"2023-10-11"
718,160,5,201,154.44,31041.84,"2023-10-11"
719,160,4,138,467.38,64498.09,"2023-10-11"
720,161,4,105,468.28,49169.26,"2023-10-08"
721,162,1,92,431.9,39734.92,"2023-10-11"
722,163,7,79,150.6,11897.2,"2023-09-28"
723,163,12,146,733.43,107080.41,"2023-09-28"
724,163,3,76,413.63,31436.02,"2023-09-28"
725,163,7,133,137.23,18251.0,"2023-09-28"
726,163,2,111,486.57,54009.08,"2023-09-28"
727,164,5,152,156.27,23752.73,"2023-09-21"
728,164,7,87,153.47,13351.94,"2023-09-21"
729,164,9,235,264.19,62085.26,"2023-09-21"
730,164,8,237,51.64,12239.52,"2023-09-21"
731,165,11,133,419.41,55781.48,"2023-10-01"
732,166,12,113,816.06,92214.6,"2023-10-14"
733,166,6,199,155.99,31042.51,"2023-10-14"
734,166,12,79,794.82,62790.74,"2023-10-14"
735,166,2,166,491.92,81659.23,"2023-10-14"
736,166,4,139,493.11,68542.71,"2023-10-14"
737,166,9,194,260.62,50560.04,"2023-10-14"
738,167,8,191,60.09,11476.95,"2023-10-16"
739,167,4,96,460.42,44200.01,"2023-10-16"
740,167,10,128,57.05,7301.86,"2023-10-16"
741,167,2,222,519.68,115368.7,"2023-10-16"
742,167,5,111,147.45,16366.77,"2023-10-16"
743,167,12,124,735.98,91261.27,"2023-10-16"
744,167,8,259,50.32,13033.27,"2023-10-16"
745,167,8,272,57.06,15519.15,"2023-10-16"
746,168,2,146,540.21,78870.75,"2023-10-18"
747,168,8,170,53.99,9179.13,"2023-10-18"
748,168,1,153,386.75,59172.59,"2023-10-18"
749,168,4,143,451.42,64553.2,"2023-10-18"
750,168,7,130,152.9,19877.57,"2023-10-18"
751,168,10,264,55.61,14681.98,"2023-10-18"
752,169,1,254,423.57,107586.76,"2023-10-08"
753,170,4,182,473.36,86151.41,"2023-09-28"
754,170,8,126,52.26,6585.02,"2023-09-28"
755,171,8,192,57.95,11125.87,"2023-10-16"
756,171,10,127,57.98,7363.21,"2023-10-16"
757,171,8,229,52.36,11991.39,"2023-10-16"
758,171,1,193,364.12,70275.99,"2023-10-16"
759,171,9,141,264.43,37285.15,"2023-10-16"
760,171,5,275,159.58,43883.82,"2023-10-16"
761,171,3,110,456.93,50262.65,"2023-10-16"
762,172,5,191,157.47,30077.14,"2023-10-04"
763,172,11,188,414.71,77966.15,"2023-10-04"
764,172,6,107,177.54,18996.57,"2023-10-04"
765,172,4,84,478.81,40219.7,"2023-10-04"
766,172,11,153,366.13,56018.56,"2023-10-04"
767,172,4,171,493.89,84455.22,"2023-10-04"
768,172,2,214,513.5,109888.39,"2023-10-04"
769,172,6,224,172.44,38627.21,"2023-10-04"
770,173,12,56,755.77,42322.94,"2023-10-10"
771,174,11,105,379.95,39895.17,"2023-10-08"
772,174,3,136,472.34,64238.1,"2023-10-08"
773,174,9,234,256.18,59946.75,"2023-10-08"
774,175,9,86,260.75,22424.78,"2023-09-18"
775,175,2,192,495.69,95172.88,"2023-09-18"
776,175,7,116,136.08,15785.24,"2023-09-18"
777,175,9,175,267.32,46780.41,"2023-09-18"
778,175,2,209,524.81,109684.33,"2023-09-18"
779,175,1,250,377.25,94313.1,"2023-09-18"
780,176,7,61,147.98,9026.53,"2023-09-11"
781,176,10,100,54.89,5489.12,"2023-09-11"
782,176,1,136,383.79,52195.71,"2023-09-11"
783,176,10,210,56.28,11819.2,"2023-09-11"
784,176,3,183,406.07,74311.49,"2023-09-11"
785,176,7,135,150.32,20292.65,"2023-09-11"
786,176,9,236,259.72,61294.6,"2023-09-11"
787,176,2,159,500.22,79535.02,"2023-09-11"
788,177,6,273,153.88,42008.29,"2023-10-18"
789,177,12,131,749.4,98170.89,"2023-10-18"
790,177,3,181,471.85,85404.29,"2023-10-18"
791,177,11,182,380.68,69284.35,"2023-10-18"
792,177,12,124,696.47,86362.35,"2023-10-18"
793,177,7,99,142.46,14103.13,"2023-10-18"
794,178,12,133,799.51,106334.78,"2023-10-09"
795,178,10,112,52.67,5898.63,"2023-10-09"
796,178,10,128,52.95,6777.93,"2023-10-09"
797,178,8,261,59.67,15572.67,"2023-10-09"
798,179,1,160,377.19,60349.67,"2023-10-02"
799,180,9,152,240.8,36601.22,"2023-09-28"
800,180,4,196,472.83,92674.66,"2023-09-28"
801,180,12,93,787.28,73217.31,"2023-09-28"
802,181,5,141,148.96,21002.78,"2023-09-25"
803,181,7,53,149.47,7922.13,"2023-09-25"
804,181,8,209,60.07,12555.05,"2023-09-25"
805,181,7,135,149.83,20227.02,"2023-09-25"
806,181,6,255,177.79,45336.09,"2023-09-25"
807,181,5,271,144.17,39069.08,"2023-09-25"
808,182,7,56,131.53,7365.42,"2023-10-06"
809,182,12,82,775.88,63621.87,"2023-10-06"
810,183,6,155,181.14,28076.69,"2023-10-19"
811,183,3,62,425.66,26390.87,"2023-10-19"
812,183,5,288,157.82,45452.26,"2023-10-19"
813,184,4,205,495.28,101532.04,"2023-11-06"
814,184,11,110,365.66,40222.48,"2023-11-06"
815,184,3,116,429.17,49784.3,"2023-11-06"
816,184,4,162,501.23,81199.87,"2023-11-06"
817,184,6,127,153.77,19528.96,"2023-11-06"
818,184,3,91,493.14,44875.82,"2023-11-06"
819,185,12,56,819.5,45891.73,"2023-11-03"
820,185,5,144,141.23,20337.07,"2023-11-03"
821,185,5,125,136.39,17049.3,"2023-11-03"
822,185,1,110,411.26,45238.93,"2023-11-03"
823,185,6,165,173.99,28708.84,"2023-11-03"
824,185,2,159,495.29,78751.04,"2023-11-03"
825,185,3,64,429.64,27497.27,"2023-11-03"
826,186,8,206,60.09,12379.17,"2023-11-17"
827,186,10,123,55.67,6847.95,"2023-11-17"
828,186,8,205,54.99,11272.2,"2023-11-17"
829,186,4,207,505.82,104705.48,"2023-11-17"
830,186,3,71,490.93,34856.25,"2023-11-17"
831,186,5,225,156.18,35140.4,"2023-11-17"
832,186,2,116,536.69,62255.5,"2023-11-17"
833,187,8,137,49.78,6819.6,"2023-11-06"
834,188,6,105,160.39,16841.19,"2023-10-29"
835,188,5,155,143.4,22226.58,"2023-10-29"
836,188,8,270,52.24,14105.39,"2023-10-29"
837,189,8,257,56.12,14422.84,"2023-11-10"
838,189,7,52,131.97,6862.61,"2023-11-10"
839,189,8,237,54.43,12900.87,"2023-11-10"
840,189,8,108,54.67,5904.21,"2023-11-10"
841,189,4,174,496.3,86356.71,"2023-11-10"
842,189,5,203,155.75,31616.83,"2023-11-10"
843,189,2,138,489.37,67532.43,"2023-11-10"
844,189,3,91,491.85,44758.08,"2023-11-10"
845,190,8,255,50.2,12801.64,"2023-11-19"
846,190,12,51,724.44,36946.48,"2023-11-19"
847,191,11,82,408.12,33465.86,"2023-11-11"
848,191,2,130,505.91,65768.43,"2023-11-11"
849,191,2,192,549.75,105551.96,"2023-11-11"
850,191,7,57,144.05,8210.98,"2023-11-11"
851,191,1,187,412.74,77182.42,"2023-11-11"
852,191,2,235,498.47,117140.44,"2023-11-11"
853,191,2,171,547.62,93642.54,"2023-11-11"
854,192,2,246,476.83,117301.33,"2023-10-16"
855,192,9,120,267.96,32155.28,"2023-10-16"
856,192,11,181,428.61,77578.28,"2023-10-16"
857,192,8,218,50.71,11053.85,"2023-10-16"
858,192,11,169,396.44,66998.69,"2023-10-16"
859,192,2,258,543.35,140184.98,"2023-10-16"
860,192,6,125,182.93,22866.47,"2023-10-16"
861,193,8,216,58.75,12690.58,"2023-11-08"
862,193,10,243,55.8,13559.12,"2023-11-08"
863,193,5,102,144.25,14713.84,"2023-11-08"
864,193,8,141,55.81,7869.06,"2023-11-08"
865,193,3,87,429.5,37366.73,"2023-11-08"
866,193,1,185,407.05,75304.74,"2023-11-08"
867,193,1,105,430.27,45178.6,"2023-11-08"
868,193,7,97,129.2,12532.25,"2023-11-08"
869,194,12,54,690.38,37280.28,"2023-11-19"
870,194,11,172,361.02,62095.1,"2023-11-19"
871,195,10,186,55.57,10336.58,"2023-10-17"
872,195,4,163,508.24,82843.28,"2023-10-17"
873,195,10,201,55.15,11085.54,"2023-10-17"
874,195,5,221,160.66,35505.57,"2023-10-17"
875,196,3,153,479.93,73428.91,"2023-10-23"
876,197,7,74,137.77,10195.2,"2023-12-05"
877,197,10,152,53.08,8068.6,"2023-12-05"
878,197,1,185,392.3,72575.62,"2023-12-05"
879,197,12,147,728.48,107087.18,"2023-12-05"
880,197,9,126,225.72,28440.39,"2023-12-05"
881,197,11,190,420.06,79811.09,"2023-12-05"
882,197,10,211,52.74,11128.35,"2023-12-05"
883,197,12,103,687.54,70816.55,"2023-12-05"
884,198,2,202,511.9,103403.96,"2023-11-22"
885,198,5,257,163.61,42047.32,"2023-11-22"
886,198,5,265,157.51,41741.43,"2023-11-22"
887,198,11,105,394.3,41401.37,"2023-11-22"
888,198,10,217,54.01,11719.1,"2023-11-22"
889,198,10,112,57.12,6397.01,"2023-11-22"
890,198,9,93,260.08,24187.31,"2023-11-22"
891,199,11,97,405.72,39355.0,"2023-12-01"
892,199,1,202,397.58,80310.53,"2023-12-01"
893,199,8,177,55.12,9756.57,"2023-12-01"
894,199,12,93,699.32,65036.85,"2023-12-01"
895,199,6,235,167.91,39459.26,"2023-12-01"
896,199,2,134,503.27,67437.77,"2023-12-01"
897,199,5,294,137.23,40346.88,"2023-12-01"
898,200,6,220,158.68,34909.27,"2023-12-09"
899,200,1,243,433.12,105249.35,"2023-12-09"
900,201,6,229,179.8,41173.2,"2023-11-20"
901,201,11,176,420.66,74036.88,"2023-11-20"
902,201,3,66,446.05,29439.12,"2023-11-20"
903,201,2,207,486.16,100635.82,"2023-11-20"
904,201,6,225,178.95,40263.89,"2023-11-20"
905,201,9,138,249.97,34496.23,"2023-11-20"
906,201,6,164,173.81,28505.28,"2023-11-20"
907,201,3,106,463.71,49153.79,"2023-11-20"
908,202,11,193,410.62,79249.15,"2023-12-12"
909,202,6,122,167.69,20457.73,"2023-12-12"
910,203,4,172,452.45,77821.23,"2023-12-04"
911,203,3,141,439.54,61974.77,"2023-12-04"
912,203,3,127,492.33,62526.17,"2023-12-04"
913,204,5,183,143.82,26319.53,"2023-11-22"
914,205,12,73,688.32,50247.46,"2023-12-01"
915,205,2,110,484.5,53295.14,"2023-12-01"
916,205,9,87,246.02,21403.69,"2023-12-01"
917,205,7,135,148.4,20034.56,"2023-12-01"
918,205,12,84,751.74,63145.95,"2023-12-01"
919,205,3,183,427.32,78198.65,"2023-12-01"
920,205,2,156,556.94,86883.32,"2023-12-01"
921,205,1,148,421.98,62453.69,"2023-12-01"
922,206,6,293,182.0,53327.26,"2023-12-19"
923,207,9,168,259.75,43638.84,"2023-12-02"
924,207,1,232,388.04,90025.65,"2023-12-02"
925,207,9,134,257.26,34472.68,"2023-12-02"
926,208,10,232,51.1,11855.25,"2023-12-07"
927,208,4,118,431.88,50961.77,"2023-12-07"
928,209,8,249,57.19,14239.94,"2023-12-12"
929,209,10,117,53.53,6262.56,"2023-12-12"
930,209,10,263,52.62,13839.16,"2023-12-12"
931,209,4,159,504.76,80256.05,"2023-12-12"
932,209,5,199,162.99,32435.6,"2023-12-12"
933,210,4,219,475.39,104109.77,"2023-11-21"
934,210,11,135,371.01,50086.78,"2023-11-21"
935,210,10,165,58.35,9628.42,"2023-11-21"
936,210,12,119,752.89,89593.97,"2023-11-21"
937,210,2,192,544.35,104514.41,"2023-11-21"
938,211,8,130,58.49,7604.17,"2023-12-12"
939,211,2,175,486.36,85112.45,"2023-12-12"
940,211,4,194,489.08,94882.08,"2023-12-12"
941,211,10,194,55.81,10827.13,"2023-12-12"
942,211,2,179,470.04,84137.82,"2023-12-12"
943,211,5,251,142.9,35867.76,"2023-12-12"
944,212,5,280,136.37,38182.31,"2024-01-01"
945,212,3,136,460.94,62687.54,"2024-01-01"
946,212,5,98,141.47,13863.84,"2024-01-01"
947,212,1,233,426.13,99287.63,"2024-01-01"
948,212,1,188,399.65,75134.15,"2024-01-01"
949,212,11,171,433.94,74204.36,"2024-01-01"
950,213,9,127,250.26,31783.27,"2023-12-17"
951,213,11,137,361.38,49508.54,"2023-12-17"
952,213,5,213,143.64,30594.66,"2023-12-17"
953,213,11,182,395.23,71931.9,"2023-12-17"
954,214,12,132,694.4,91660.45,"2024-01-06"
955,214,11,142,364.81,51803.7,"2024-01-06"
956,214,12,140,707.97,99116.36,"2024-01-06"
957,214,9,161,244.79,39410.9,"2024-01-06"
958,214,10,93,56.15,5221.59,"2024-01-06"
959,214,1,214,373.58,79946.11,"2024-01-06"
960,215,6,142,159.2,22606.61,"2023-12-30"
961,215,9,179,272.91,48851.04,"2023-12-30"
962,215,7,79,147.52,11654.04,"2023-12-30"
963,215,2,152,474.08,72060.54,"2023-12-30"
964,215,8,151,50.73,7660.82,"2023-12-30"
965,215,11,142,428.87,60899.89,"2023-12-30"
966,215,3,144,428.52,61706.19,"2023-12-30"
967,216,1,89,373.62,33252.13,"2024-01-13"
968,216,5,273,154.16,42084.78,"2024-01-13"
969,216,7,71,134.02,9515.5,"2024-01-13"
970,216,8,202,52.57,10619.26,"2024-01-13"
971,216,7,81,148.19,12003.75,"2024-01-13"
972,216,7,126,130.59,16453.98,"2024-01-13"
973,216,3,75,461.53,34615.1,"2024-01-13"
974,216,12,82,697.89,57226.6,"2024-01-13"
975,217,2,181,497.38,90025.87,"2023-12-27"
976,217,10,189,51.81,9791.62,"2023-12-27"
977,217,4,184,473.24,87076.94,"2023-12-27"
978,217,1,169,411.31,69510.86,"2023-12-27"
979,218,12,120,733.27,87992.17,"2023-12-24"
980,218,7,126,141.08,17776.51,"2023-12-24"
981,218,9,87,269.94,23484.95,"2023-12-24"
982,218,12,142,772.03,109628.5,"2023-12-24"
983,218,12,78,785.5,61269.04,"2023-12-24"
984,218,9,182,267.92,48761.69,"2023-12-24"
985,218,8,127,52.99,6729.34,"2023-12-24"
986,219,2,204,476.61,97228.67,"2023-12-20"
987,219,4,151,451.41,68163.16,"2023-12-20"
988,220,12,49,762.87,37380.83,"2024-01-19"
989,220,4,181,426.68,77229.59,"2024-01-19"
990,220,5,140,137.5,19250.21,"2024-01-19"
991,220,7,95,153.0,14535.01,"2024-01-19"
992,220,9,106,250.5,26552.72,"2024-01-19"
993,221,12,136,757.23,102983.21,"2024-01-07"
994,221,8,288,51.58,14854.02,"2024-01-07"
995,221,2,251,516.44,129627.19,"2024-01-07"
996,221,8,276,51.6,14241.81,"2024-01-07"
997,221,4,182,477.75,86949.86,"2024-01-07"
998,221,4,75,489.9,36742.82,"2024-01-07"
999,221,11,196,374.77,73454.98,"2024-01-07"
1000,221,2,236,494.43,116684.7,"2024-01-07"
1001,222,5,255,160.66,40968.15,"2023-12-25"
1002,222,7,60,153.56,9213.74,"2023-12-25"
1003,222,6,282,169.63,47836.43,"2023-12-25"
1004,222,10,114,58.88,6712.41,"2023-12-25"
1005,222,3,166,494.28,82051.16,"2023-12-25"
1006,222,11,129,389.59,50256.72,"2023-12-25"
1007,222,1,201,418.65,84148.29,"2023-12-25"
1008,222,7,117,127.8,14952.77,"2023-12-25"
1009,223,3,176,489.62,86172.89,"2024-01-04"
1010,224,11,95,399.42,37945.0,"2024-01-11"
1011,224,9,112,269.8,30217.78,"2024-01-11"
1012,224,1,219,369.63,80948.22,"2024-01-11"
1013,224,12,116,812.29,94226.19,"2024-01-11"
1014,224,7,125,147.83,18478.59,"2024-01-11"
1015,224,11,172,433.49,74560.96,"2024-01-11"
1016,225,10,101,51.79,5231.08,"2024-01-11"
1017,225,5,242,146.97,35567.48,"2024-01-11"
1018,225,7,52,128.96,6706.12,"2024-01-11"
1019,225,4,108,497.1,53686.56,"2024-01-11"
1020,225,6,157,163.76,25710.81,"2024-01-11"
1021,225,12,124,726.11,90037.88,"2024-01-11"
1022,226,10,158,57.74,9122.25,"2023-12-09"
1023,226,4,206,502.62,103539.85,"2023-12-09"
1024,226,9,213,250.85,53431.75,"2023-12-09"
1025,226,11,89,416.13,37035.57,"2023-12-09"
1026,226,9,163,263.43,42938.47,"2023-12-09"
1027,226,9,79,240.16,18972.58,"2023-12-09"
1028,226,10,165,51.53,8503.0,"2023-12-09"
1029,227,2,173,560.49,96965.39,"2024-01-20"
1030,227,7,69,134.66,9291.65,"2024-01-20"
1031,227,2,110,559.93,61592.44,"2024-01-20"
1032,228,10,203,54.05,10971.45,"2023-12-23"
1033,228,12,121,773.56,93600.42,"2023-12-23"
1034,228,3,64,424.35,27158.18,"2023-12-23"
1035,228,10,243,57.93,14076.85,"2023-12-23"
1036,229,8,227,50.47,11456.17,"2023-12-18"
1037,230,3,95,466.45,44312.88,"2023-12-30"
1038,230,5,281,151.58,42593.11,"2023-12-30"
1039,230,11,130,410.57,53374.38,"2023-12-30"
1040,230,5,161,149.29,24036.24,"2023-12-30"
1041,231,12,130,737.28,95846.38,"2024-01-13"
1042,231,3,90,429.64,38668.04,"2024-01-13"
1043,232,2,102,515.11,52541.36,"2023-12-21"
1044,232,11,177,406.1,71878.83,"2023-12-21"
1045,232,12,88,755.4,66475.5,"2023-12-21"
1046,232,5,104,137.76,14327.26,"2023-12-21"
1047,233,7,100,147.38,14737.8,"2024-01-12"
1048,233,6,184,156.04,28712.1,"2024-01-12"
1049,233,4,132,448.49,59200.18,"2024-01-12"
1050,233,6,286,184.21,52683.34,"2024-01-12"
1051,233,9,128,234.19,29976.16,"2024-01-12"
1052,233,10,163,57.87,9432.58,"2024-01-12"
1053,233,11,92,393.65,36215.91,"2024-01-12"
1054,234,11,169,439.6,74292.07,"2024-01-06"
1055,234,1,98,397.09,38915.15,"2024-01-06"
1056,234,5,137,138.17,18929.26,"2024-01-06"
1057,234,3,90,419.03,37712.75,"2024-01-06"
1058,234,1,122,433.64,52904.07,"2024-01-06"
1059,235,12,69,733.31,50598.33,"2023-12-29"
1060,235,10,196,49.51,9704.16,"2023-12-29"
1061,235,12,135,816.45,110220.1,"2023-12-29"
1062,235,11,152,366.49,55705.94,"2023-12-29"
1063,235,7,51,145.45,7417.7,"2023-12-29"
1064,235,1,194,437.25,84826.54,"2023-12-29"
