"salary_id","employee_id","month","year","base_salary","house_rent_allowance","medical_allowance","conveyance_allowance","gross_salary","provident_fund","income_tax","other_deductions","total_deductions","net_salary","payment_date","bank_account"
1,1000,1,2021,31132.16,4669.82,1556.61,3354,40712.6,3113.22,0.0,1131,4244.22,36468.38,"2021-01-28","6527-7359-3981-5267"
2,1000,2,2021,31827.19,4774.08,1591.36,4592,42784.63,3182.72,0.0,1481,4663.72,38120.91,"2021-02-26","6527-7359-3981-5267"
3,1000,3,2021,30900.86,4635.13,1545.04,2082,39163.03,3090.09,0.0,939,4029.09,35133.95,"2021-03-27","6527-7359-3981-5267"
4,1000,4,2021,30835.49,4625.32,1541.77,3916,40918.58,3083.55,0.0,1743,4826.55,36092.03,"2021-04-25","6527-7359-3981-5267"
5,1000,5,2021,30464.99,4569.75,1523.25,3262,39819.99,3046.5,0.0,1339,4385.5,35434.49,"2021-05-28","6527-7359-3981-5267"
6,1000,6,2021,31870.33,4780.55,1593.52,4900,43144.4,3187.03,0.0,710,3897.03,39247.36,"2021-06-28","6527-7359-3981-5267"
7,1000,7,2021,30877.64,4631.65,1543.88,3438,40491.17,3087.76,0.0,1796,4883.76,35607.41,"2021-07-25","6527-7359-3981-5267"
8,1000,8,2021,32264.49,4839.67,1613.22,3120,41837.39,3226.45,0.0,1472,4698.45,37138.94,"2021-08-27","6527-7359-3981-5267"
9,1000,9,2021,31038.12,4655.72,1551.91,2611,39856.75,3103.81,0.0,540,3643.81,36212.94,"2021-09-27","6527-7359-3981-5267"
10,1000,10,2021,31359.82,4703.97,1567.99,4699,42330.78,3135.98,0.0,1338,4473.98,37856.8,"2021-10-26","6527-7359-3981-5267"
11,1000,11,2021,31894.66,4784.2,1594.73,3409,41682.59,3189.47,0.0,1377,4566.47,37116.13,"2021-11-26","6527-7359-3981-5267"
12,1000,12,2021,31610.19,4741.53,1580.51,4305,42237.23,3161.02,0.0,1492,4653.02,37584.21,"2021-12-26","6527-7359-3981-5267"
13,1001,1,2021,41568.93,6235.34,2078.45,4757,54639.72,4156.89,0.0,677,4833.89,49805.83,"2021-01-28","6316-6301-3614-9070"
14,1001,2,2021,39388.33,5908.25,1969.42,3457,50722.99,3938.83,0.0,961,4899.83,45823.16,"2021-02-27","6316-6301-3614-9070"
15,1001,3,2021,41757.63,6263.64,2087.88,2849,52958.16,4175.76,0.0,1701,5876.76,47081.4,"2021-03-25","6316-6301-3614-9070"
16,1001,4,2021,39581.33,5937.2,1979.07,4339,51836.6,3958.13,0.0,1683,5641.13,46195.46,"2021-04-26","6316-6301-3614-9070"
17,1001,5,2021,42243.44,6336.52,2112.17,3101,53793.13,4224.34,0.0,1604,5828.34,47964.79,"2021-05-27","6316-6301-3614-9070"
18,1001,6,2021,41558.73,6233.81,2077.94,3858,53728.48,4155.87,0.0,693,4848.87,48879.61,"2021-06-28","6316-6301-3614-9070"
19,1001,7,2021,41767.94,6265.19,2088.4,4474,54595.53,4176.79,0.0,1766,5942.79,48652.73,"2021-07-26","6316-6301-3614-9070"
20,1001,8,2021,42223.51,6333.53,2111.18,2434,53102.21,4222.35,0.0,563,4785.35,48316.86,"2021-08-27","6316-6301-3614-9070"
21,1001,9,2021,41298.03,6194.7,2064.9,3213,52770.63,4129.8,0.0,1448,5577.8,47192.83,"2021-09-26","6316-6301-3614-9070"
22,1001,10,2021,39404.42,5910.66,1970.22,4158,51443.31,3940.44,0.0,1820,5760.44,45682.87,"2021-10-26","6316-6301-3614-9070"
23,1001,11,2021,41714.09,6257.11,2085.7,4680,54736.9,4171.41,0.0,1879,6050.41,48686.49,"2021-11-28","6316-6301-3614-9070"
24,1001,12,2021,40179.04,6026.86,2008.95,2258,50472.84,4017.9,0.0,633,4650.9,45821.94,"2021-12-28","6316-6301-3614-9070"
25,1002,1,2021,54573.81,8186.07,2728.69,3190,68678.57,5457.38,228.69,1390,7076.07,61602.5,"2021-01-28","7169-3148-5325-1482"
26,1002,2,2021,53196.36,7979.45,2659.82,2319,66154.63,5319.64,159.82,1229,6708.45,59446.18,"2021-02-28","7169-3148-5325-1482"
27,1002,3,2021,57017.48,8552.62,2850.87,4945,73365.98,5701.75,350.87,584,6636.62,66729.36,"2021-03-25","7169-3148-5325-1482"
28,1002,4,2021,54373.16,8155.97,2718.66,4894,70141.79,5437.32,218.66,682,6337.97,63803.82,"2021-04-27","7169-3148-5325-1482"
29,1002,5,2021,56402.28,8460.34,2820.11,4414,72096.74,5640.23,320.11,1341,7301.34,64795.4,"2021-05-28","7169-3148-5325-1482"
30,1002,6,2021,52613.08,7891.96,2630.65,2884,66019.7,5261.31,130.65,1146,6537.96,59481.74,"2021-06-28","7169-3148-5325-1482"
31,1002,7,2021,52958.53,7943.78,2647.93,4988,68538.24,5295.85,147.93,1634,7077.78,61460.46,"2021-07-25","7169-3148-5325-1482"
32,1002,8,2021,54419.9,8162.99,2721.0,3491,68794.88,5441.99,221.0,1717,7379.99,61414.9,"2021-08-26","7169-3148-5325-1482"
33,1002,9,2021,54807.54,8221.13,2740.38,2902,68671.05,5480.75,240.38,948,6669.13,62001.92,"2021-09-26","7169-3148-5325-1482"
34,1002,10,2021,56687.78,8503.17,2834.39,2307,70332.34,5668.78,334.39,1901,7904.17,62428.17,"2021-10-26","7169-3148-5325-1482"
35,1002,11,2021,54551.98,8182.8,2727.6,3683,69145.38,5455.2,227.6,1517,7199.8,61945.58,"2021-11-25","7169-3148-5325-1482"
36,1002,12,2021,54685.51,8202.83,2734.28,2951,68573.61,5468.55,234.28,1175,6877.83,61695.78,"2021-12-28","7169-3148-5325-1482"
37,1003,1,2021,19172.74,2875.91,958.64,2822,25829.28,1917.27,0.0,949,2866.27,22963.01,"2021-01-27","5968-8547-9917-6904"
38,1003,2,2021,17703.55,2655.53,885.18,4404,25648.26,1770.35,0.0,1808,3578.35,22069.9,"2021-02-25","5968-8547-9917-6904"
39,1003,3,2021,18077.47,2711.62,903.87,3331,25023.97,1807.75,0.0,1820,3627.75,21396.22,"2021-03-26","5968-8547-9917-6904"
40,1003,4,2021,18593.69,2789.05,929.68,2496,24808.43,1859.37,0.0,790,2649.37,22159.06,"2021-04-28","5968-8547-9917-6904"
41,1003,5,2021,18792.88,2818.93,939.64,3981,26532.46,1879.29,0.0,1369,3248.29,23284.17,"2021-05-25","5968-8547-9917-6904"
42,1003,6,2021,17913.02,2686.95,895.65,4354,25849.62,1791.3,0.0,934,2725.3,23124.32,"2021-06-27","5968-8547-9917-6904"
43,1003,7,2021,18739.4,2810.91,936.97,3071,25558.28,1873.94,0.0,1095,2968.94,22589.34,"2021-07-25","5968-8547-9917-6904"
44,1003,8,2021,18618.14,2792.72,930.91,2507,24848.76,1861.81,0.0,799,2660.81,22187.95,"2021-08-28","5968-8547-9917-6904"
45,1003,9,2021,17454.74,2618.21,872.74,2151,23096.68,1745.47,0.0,1435,3180.47,19916.21,"2021-09-25","5968-8547-9917-6904"
46,1003,10,2021,17434.45,2615.17,871.72,4075,24996.34,1743.45,0.0,1938,3681.45,21314.9,"2021-10-26","5968-8547-9917-6904"
47,1003,11,2021,19056.21,2858.43,952.81,2012,24879.46,1905.62,0.0,1704,3609.62,21269.84,"2021-11-25","5968-8547-9917-6904"
48,1003,12,2021,18752.16,2812.82,937.61,2452,24954.59,1875.22,0.0,1890,3765.22,21189.38,"2021-12-28","5968-8547-9917-6904"
49,1004,1,2021,41474.34,6221.15,2073.72,2844,52613.21,4147.43,0.0,552,4699.43,47913.77,"2021-01-27","9876-3815-8859-7500"
50,1004,2,2021,41177.57,6176.64,2058.88,3966,53379.09,4117.76,0.0,590,4707.76,48671.33,"2021-02-27","9876-3815-8859-7500"
51,1004,3,2021,40989.78,6148.47,2049.49,2344,51531.73,4098.98,0.0,909,5007.98,46523.76,"2021-03-28","9876-3815-8859-7500"
52,1004,4,2021,41876.43,6281.46,2093.82,4528,54779.71,4187.64,0.0,1710,5897.64,48882.07,"2021-04-25","9876-3815-8859-7500"
53,1004,5,2021,40357.96,6053.69,2017.9,4996,53425.55,4035.8,0.0,1006,5041.8,48383.75,"2021-05-25","9876-3815-8859-7500"
54,1004,6,2021,40322.57,6048.39,2016.13,3027,51414.08,4032.26,0.0,615,4647.26,46766.83,"2021-06-25","9876-3815-8859-7500"
55,1004,7,2021,40853.28,6127.99,2042.66,4900,53923.94,4085.33,0.0,1427,5512.33,48411.61,"2021-07-27","9876-3815-8859-7500"
56,1004,8,2021,42405.26,6360.79,2120.26,4660,55546.31,4240.53,0.0,1767,6007.53,49538.78,"2021-08-28","9876-3815-8859-7500"
57,1004,9,2021,41366.15,6204.92,2068.31,4087,53726.38,4136.62,0.0,1825,5961.62,47764.77,"2021-09-26","9876-3815-8859-7500"
58,1004,10,2021,39485.15,5922.77,1974.26,4920,52302.18,3948.51,0.0,1876,5824.51,46477.66,"2021-10-25","9876-3815-8859-7500"
59,1004,11,2021,41105.47,6165.82,2055.27,2428,51754.56,4110.55,0.0,810,4920.55,46834.01,"2021-11-28","9876-3815-8859-7500"
60,1004,12,2021,39900.78,5985.12,1995.04,2142,50022.94,3990.08,0.0,1081,5071.08,44951.86,"2021-12-26","9876-3815-8859-7500"
61,1005,1,2021,33232.79,4984.92,1661.64,4505,44384.35,3323.28,0.0,519,3842.28,40542.07,"2021-01-28","7539-2077-5862-8802"
62,1005,2,2021,33350.05,5002.51,1667.5,2311,42331.06,3335.01,0.0,1164,4499.01,37832.06,"2021-02-26","7539-2077-5862-8802"
63,1005,3,2021,33297.65,4994.65,1664.88,3524,43481.18,3329.77,0.0,1750,5079.77,38401.42,"2021-03-28","7539-2077-5862-8802"
64,1005,4,2021,30836.97,4625.55,1541.85,3430,40434.36,3083.7,0.0,540,3623.7,36810.67,"2021-04-28","7539-2077-5862-8802"
65,1005,5,2021,33963.59,5094.54,1698.18,4704,45460.31,3396.36,0.0,623,4019.36,41440.95,"2021-05-25","7539-2077-5862-8802"
66,1005,6,2021,31070.82,4660.62,1553.54,2733,40017.98,3107.08,0.0,909,4016.08,36001.9,"2021-06-27","7539-2077-5862-8802"
67,1005,7,2021,33140.38,4971.06,1657.02,2625,42393.46,3314.04,0.0,1651,4965.04,37428.42,"2021-07-25","7539-2077-5862-8802"
68,1005,8,2021,32940.44,4941.07,1647.02,4646,44174.53,3294.04,0.0,1137,4431.04,39743.49,"2021-08-26","7539-2077-5862-8802"
69,1005,9,2021,33874.96,5081.24,1693.75,4887,45536.95,3387.5,0.0,1298,4685.5,40851.45,"2021-09-25","7539-2077-5862-8802"
70,1005,10,2021,33707.39,5056.11,1685.37,3099,43547.87,3370.74,0.0,748,4118.74,39429.13,"2021-10-27","7539-2077-5862-8802"
71,1005,11,2021,30876.89,4631.53,1543.84,3807,40859.27,3087.69,0.0,1367,4454.69,36404.58,"2021-11-28","7539-2077-5862-8802"
72,1005,12,2021,31538.04,4730.71,1576.9,3440,41285.64,3153.8,0.0,1897,5050.8,36234.84,"2021-12-28","7539-2077-5862-8802"
73,1006,1,2021,29130.0,4369.5,1456.5,3565,38521.0,2913.0,0.0,1806,4719.0,33802.0,"2021-01-26","4710-4285-3932-6833"
74,1006,2,2021,29672.86,4450.93,1483.64,3995,39602.43,2967.29,0.0,929,3896.29,35706.14,"2021-02-25","4710-4285-3932-6833"
75,1006,3,2021,29500.14,4425.02,1475.01,3777,39177.17,2950.01,0.0,923,3873.01,35304.15,"2021-03-28","4710-4285-3932-6833"
76,1006,4,2021,30046.9,4507.04,1502.35,3727,39783.28,3004.69,0.0,1848,4852.69,34930.59,"2021-04-25","4710-4285-3932-6833"
77,1006,5,2021,29534.11,4430.12,1476.71,4505,39945.94,2953.41,0.0,1723,4676.41,35269.52,"2021-05-28","4710-4285-3932-6833"
78,1006,6,2021,28979.82,4346.97,1448.99,4944,39719.79,2897.98,0.0,1183,4080.98,35638.8,"2021-06-25","4710-4285-3932-6833"
79,1006,7,2021,27615.38,4142.31,1380.77,2348,35486.46,2761.54,0.0,1606,4367.54,31118.92,"2021-07-27","4710-4285-3932-6833"
80,1006,8,2021,29176.97,4376.55,1458.85,2742,37754.36,2917.7,0.0,1676,4593.7,33160.67,"2021-08-25","4710-4285-3932-6833"
81,1006,9,2021,29843.43,4476.51,1492.17,4895,40707.11,2984.34,0.0,1784,4768.34,35938.77,"2021-09-26","4710-4285-3932-6833"
82,1006,10,2021,28321.93,4248.29,1416.1,2113,36099.31,2832.19,0.0,894,3726.19,32373.12,"2021-10-26","4710-4285-3932-6833"
83,1006,11,2021,30194.64,4529.2,1509.73,4568,40801.57,3019.46,0.0,1667,4686.46,36115.11,"2021-11-27","4710-4285-3932-6833"
84,1006,12,2021,28372.81,4255.92,1418.64,3791,37838.37,2837.28,0.0,1194,4031.28,33807.09,"2021-12-27","4710-4285-3932-6833"
85,1007,1,2021,25336.78,3800.52,1266.84,3422,33826.14,2533.68,0.0,1174,3707.68,30118.46,"2021-01-27","7290-2268-6846-2368"
86,1007,2,2021,25620.1,3843.01,1281.0,3226,33970.12,2562.01,0.0,1965,4527.01,29443.11,"2021-02-27","7290-2268-6846-2368"
87,1007,3,2021,25221.28,3783.19,1261.06,2963,33228.54,2522.13,0.0,818,3340.13,29888.41,"2021-03-25","7290-2268-6846-2368"
88,1007,4,2021,24694.94,3704.24,1234.75,4848,34481.93,2469.49,0.0,807,3276.49,31205.44,"2021-04-25","7290-2268-6846-2368"
89,1007,5,2021,25290.67,3793.6,1264.53,4434,34782.8,2529.07,0.0,1409,3938.07,30844.73,"2021-05-27","7290-2268-6846-2368"
90,1007,6,2021,25433.68,3815.05,1271.68,3780,34300.42,2543.37,0.0,691,3234.37,31066.05,"2021-06-26","7290-2268-6846-2368"
91,1007,7,2021,23586.74,3538.01,1179.34,2856,31160.08,2358.67,0.0,1054,3412.67,27747.41,"2021-07-25","7290-2268-6846-2368"
92,1007,8,2021,24675.23,3701.28,1233.76,2795,32405.27,2467.52,0.0,1720,4187.52,28217.75,"2021-08-25","7290-2268-6846-2368"
93,1007,9,2021,25078.82,3761.82,1253.94,4768,34862.59,2507.88,0.0,1324,3831.88,31030.71,"2021-09-27","7290-2268-6846-2368"
94,1007,10,2021,24058.79,3608.82,1202.94,4338,33208.55,2405.88,0.0,1842,4247.88,28960.67,"2021-10-28","7290-2268-6846-2368"
95,1007,11,2021,25569.4,3835.41,1278.47,2211,32894.28,2556.94,0.0,1905,4461.94,28432.34,"2021-11-27","7290-2268-6846-2368"
96,1007,12,2021,23534.06,3530.11,1176.7,4276,32516.88,2353.41,0.0,1626,3979.41,28537.47,"2021-12-25","7290-2268-6846-2368"
97,1008,1,2021,37311.28,5596.69,1865.56,2685,47458.54,3731.13,0.0,1590,5321.13,42137.41,"2021-01-25","1258-5398-7757-3213"
98,1008,2,2021,34980.8,5247.12,1749.04,4263,46239.97,3498.08,0.0,1352,4850.08,41389.89,"2021-02-25","1258-5398-7757-3213"
99,1008,3,2021,35843.4,5376.51,1792.17,2065,45077.08,3584.34,0.0,759,4343.34,40733.74,"2021-03-25","1258-5398-7757-3213"
100,1008,4,2021,35794.93,5369.24,1789.75,3991,46944.92,3579.49,0.0,1144,4723.49,42221.43,"2021-04-25","1258-5398-7757-3213"
101,1008,5,2021,36974.62,5546.19,1848.73,2262,46631.54,3697.46,0.0,1892,5589.46,41042.08,"2021-05-28","1258-5398-7757-3213"
102,1008,6,2021,35627.68,5344.15,1781.38,3022,45775.21,3562.77,0.0,1720,5282.77,40492.44,"2021-06-25","1258-5398-7757-3213"
103,1008,7,2021,36055.53,5408.33,1802.78,3349,46615.64,3605.55,0.0,664,4269.55,42346.08,"2021-07-26","1258-5398-7757-3213"
104,1008,8,2021,36564.99,5484.75,1828.25,4103,47980.99,3656.5,0.0,1643,5299.5,42681.49,"2021-08-27","1258-5398-7757-3213"
105,1008,9,2021,35640.14,5346.02,1782.01,2323,45091.16,3564.01,0.0,1382,4946.01,40145.15,"2021-09-27","1258-5398-7757-3213"
106,1008,10,2021,36795.27,5519.29,1839.76,2268,46422.33,3679.53,0.0,1683,5362.53,41059.8,"2021-10-25","1258-5398-7757-3213"
107,1008,11,2021,36851.65,5527.75,1842.58,2640,46861.98,3685.17,0.0,1442,5127.17,41734.82,"2021-11-26","1258-5398-7757-3213"
108,1008,12,2021,36062.42,5409.36,1803.12,4040,47314.9,3606.24,0.0,509,4115.24,43199.66,"2021-12-28","1258-5398-7757-3213"
109,1009,1,2021,36295.45,5444.32,1814.77,4989,48543.54,3629.55,0.0,523,4152.55,44391.0,"2021-01-28","8074-2213-3311-4399"
110,1009,2,2021,36404.81,5460.72,1820.24,3679,47364.77,3640.48,0.0,637,4277.48,43087.29,"2021-02-27","8074-2213-3311-4399"
111,1009,3,2021,35717.93,5357.69,1785.9,3123,45984.52,3571.79,0.0,862,4433.79,41550.72,"2021-03-28","8074-2213-3311-4399"
112,1009,4,2021,38298.52,5744.78,1914.93,2969,48927.22,3829.85,0.0,1293,5122.85,43804.37,"2021-04-27","8074-2213-3311-4399"
113,1009,5,2021,36704.34,5505.65,1835.22,2367,46412.2,3670.43,0.0,512,4182.43,42229.77,"2021-05-26","8074-2213-3311-4399"
114,1009,6,2021,38022.03,5703.3,1901.1,2053,47679.44,3802.2,0.0,1229,5031.2,42648.24,"2021-06-28","8074-2213-3311-4399"
115,1009,7,2021,36655.54,5498.33,1832.78,4034,48020.64,3665.55,0.0,1255,4920.55,43100.09,"2021-07-27","8074-2213-3311-4399"
116,1009,8,2021,36979.37,5546.91,1848.97,2868,47243.24,3697.94,0.0,573,4270.94,42972.3,"2021-08-25","8074-2213-3311-4399"
117,1009,9,2021,37292.62,5593.89,1864.63,4811,49562.14,3729.26,0.0,812,4541.26,45020.88,"2021-09-28","8074-2213-3311-4399"
118,1009,10,2021,36337.17,5450.58,1816.86,2899,46503.61,3633.72,0.0,1754,5387.72,41115.89,"2021-10-25","8074-2213-3311-4399"
119,1009,11,2021,36737.76,5510.66,1836.89,4285,48370.32,3673.78,0.0,1559,5232.78,43137.54,"2021-11-26","8074-2213-3311-4399"
120,1009,12,2021,34896.05,5234.41,1744.8,4009,45884.26,3489.61,0.0,1553,5042.61,40841.66,"2021-12-26","8074-2213-3311-4399"
121,1010,1,2021,35202.48,5280.37,1760.12,2352,44594.98,3520.25,0.0,876,4396.25,40198.73,"2021-01-26","8054-6936-5369-3886"
122,1010,2,2021,35741.22,5361.18,1787.06,4665,47554.47,3574.12,0.0,579,4153.12,43401.35,"2021-02-28","8054-6936-5369-3886"
123,1010,3,2021,34402.32,5160.35,1720.12,2991,44273.78,3440.23,0.0,699,4139.23,40134.55,"2021-03-28","8054-6936-5369-3886"
124,1010,4,2021,35536.75,5330.51,1776.84,2087,44731.1,3553.67,0.0,1056,4609.67,40121.42,"2021-04-27","8054-6936-5369-3886"
125,1010,5,2021,34999.28,5249.89,1749.96,2998,44997.14,3499.93,0.0,1483,4982.93,40014.21,"2021-05-26","8054-6936-5369-3886"
126,1010,6,2021,35405.64,5310.85,1770.28,2215,44701.76,3540.56,0.0,1913,5453.56,39248.2,"2021-06-25","8054-6936-5369-3886"
127,1010,7,2021,34806.6,5220.99,1740.33,4562,46329.92,3480.66,0.0,1949,5429.66,40900.26,"2021-07-28","8054-6936-5369-3886"
128,1010,8,2021,35802.05,5370.31,1790.1,4008,46970.46,3580.2,0.0,921,4501.2,42469.25,"2021-08-26","8054-6936-5369-3886"
129,1010,9,2021,34421.5,5163.22,1721.07,3067,44372.8,3442.15,0.0,1755,5197.15,39175.65,"2021-09-28","8054-6936-5369-3886"
130,1010,10,2021,37142.84,5571.43,1857.14,2519,47090.41,3714.28,0.0,1768,5482.28,41608.12,"2021-10-27","8054-6936-5369-3886"
131,1010,11,2021,37036.46,5555.47,1851.82,2337,46780.75,3703.65,0.0,1961,5664.65,41116.11,"2021-11-27","8054-6936-5369-3886"
132,1010,12,2021,37800.59,5670.09,1890.03,3515,48875.71,3780.06,0.0,1813,5593.06,43282.65,"2021-12-28","8054-6936-5369-3886"
133,1011,1,2021,98174.9,14726.23,4908.74,4456,122265.88,9817.49,2408.74,732,12958.23,109307.64,"2021-01-27","5729-5653-1135-1614"
134,1011,2,2021,95593.01,14338.95,4779.65,4084,118795.61,9559.3,2279.65,1806,13644.95,105150.66,"2021-02-25","5729-5653-1135-1614"
135,1011,3,2021,94545.52,14181.83,4727.28,2902,116356.62,9454.55,2227.28,1968,13649.83,102706.79,"2021-03-26","5729-5653-1135-1614"
136,1011,4,2021,90123.74,13518.56,4506.19,4754,112902.48,9012.37,2006.19,590,11608.56,101293.92,"2021-04-26","5729-5653-1135-1614"
137,1011,5,2021,90617.87,13592.68,4530.89,4897,113638.44,9061.79,2030.89,1865,12957.68,100680.76,"2021-05-28","5729-5653-1135-1614"
138,1011,6,2021,95914.13,14387.12,4795.71,3577,118673.96,9591.41,2295.71,627,12514.12,106159.84,"2021-06-25","5729-5653-1135-1614"
139,1011,7,2021,90857.16,13628.57,4542.86,2269,111297.59,9085.72,2042.86,996,12124.57,99173.02,"2021-07-27","5729-5653-1135-1614"
140,1011,8,2021,93365.56,14004.83,4668.28,2772,114810.68,9336.56,2168.28,911,12415.83,102394.84,"2021-08-26","5729-5653-1135-1614"
141,1011,9,2021,92936.65,13940.5,4646.83,2386,113909.97,9293.66,2146.83,1957,13397.5,100512.48,"2021-09-25","5729-5653-1135-1614"
142,1011,10,2021,94909.63,14236.45,4745.48,2791,116682.56,9490.96,2245.48,1027,12763.45,103919.12,"2021-10-26","5729-5653-1135-1614"
143,1011,11,2021,90620.23,13593.03,4531.01,2728,111472.27,9062.02,2031.01,1702,12795.03,98677.24,"2021-11-27","5729-5653-1135-1614"
144,1011,12,2021,97043.72,14556.56,4852.19,4861,121313.46,9704.37,2352.19,1219,13275.56,108037.9,"2021-12-26","5729-5653-1135-1614"
145,1012,1,2021,28602.33,4290.35,1430.12,4265,38587.79,2860.23,0.0,1716,4576.23,34011.56,"2021-01-27","5572-6065-7038-7971"
146,1012,2,2021,29233.25,4384.99,1461.66,2735,37814.9,2923.32,0.0,1719,4642.32,33172.57,"2021-02-27","5572-6065-7038-7971"
147,1012,3,2021,29621.31,4443.2,1481.07,3430,38975.57,2962.13,0.0,544,3506.13,35469.44,"2021-03-25","5572-6065-7038-7971"
148,1012,4,2021,29809.22,4471.38,1490.46,3910,39681.07,2980.92,0.0,937,3917.92,35763.14,"2021-04-28","5572-6065-7038-7971"
149,1012,5,2021,27836.75,4175.51,1391.84,2006,35410.11,2783.68,0.0,837,3620.68,31789.43,"2021-05-25","5572-6065-7038-7971"
150,1012,6,2021,29259.79,4388.97,1462.99,2079,37190.74,2925.98,0.0,1372,4297.98,32892.77,"2021-06-27","5572-6065-7038-7971"
151,1012,7,2021,27665.19,4149.78,1383.26,3877,37075.22,2766.52,0.0,1370,4136.52,32938.7,"2021-07-25","5572-6065-7038-7971"
152,1012,8,2021,29323.86,4398.58,1466.19,2338,37526.63,2932.39,0.0,1961,4893.39,32633.24,"2021-08-28","5572-6065-7038-7971"
153,1012,9,2021,29781.0,4467.15,1489.05,2294,38031.2,2978.1,0.0,871,3849.1,34182.1,"2021-09-26","5572-6065-7038-7971"
154,1012,10,2021,27790.36,4168.55,1389.52,3515,36863.44,2779.04,0.0,1814,4593.04,32270.4,"2021-10-27","5572-6065-7038-7971"
155,1012,11,2021,29234.6,4385.19,1461.73,2572,37653.53,2923.46,0.0,869,3792.46,33861.07,"2021-11-27","5572-6065-7038-7971"
156,1012,12,2021,30207.25,4531.09,1510.36,2930,39178.7,3020.73,0.0,1709,4729.73,34448.98,"2021-12-25","5572-6065-7038-7971"
157,1013,1,2021,22782.67,3417.4,1139.13,2370,29709.21,2278.27,0.0,1197,3475.27,26233.94,"2021-01-25","9829-9488-8609-1527"
158,1013,2,2021,23602.99,3540.45,1180.15,3009,31332.59,2360.3,0.0,913,3273.3,28059.29,"2021-02-27","9829-9488-8609-1527"
159,1013,3,2021,23418.52,3512.78,1170.93,3004,31106.22,2341.85,0.0,1209,3550.85,27555.37,"2021-03-25","9829-9488-8609-1527"
160,1013,4,2021,22805.45,3420.82,1140.27,2220,29586.54,2280.55,0.0,1268,3548.55,26038.0,"2021-04-28","9829-9488-8609-1527"
161,1013,5,2021,23743.98,3561.6,1187.2,4690,33182.78,2374.4,0.0,1324,3698.4,29484.38,"2021-05-27","9829-9488-8609-1527"
162,1013,6,2021,24061.31,3609.2,1203.07,3126,31999.57,2406.13,0.0,1300,3706.13,28293.44,"2021-06-28","9829-9488-8609-1527"
163,1013,7,2021,24014.0,3602.1,1200.7,2409,31225.8,2401.4,0.0,1430,3831.4,27394.4,"2021-07-28","9829-9488-8609-1527"
164,1013,8,2021,22867.41,3430.11,1143.37,2540,29980.9,2286.74,0.0,1854,4140.74,25840.15,"2021-08-25","9829-9488-8609-1527"
165,1013,9,2021,22167.25,3325.09,1108.36,2793,29393.7,2216.73,0.0,1339,3555.73,25837.98,"2021-09-27","9829-9488-8609-1527"
166,1013,10,2021,22542.06,3381.31,1127.1,3191,30241.47,2254.21,0.0,1302,3556.21,26685.26,"2021-10-26","9829-9488-8609-1527"
167,1013,11,2021,22890.08,3433.51,1144.5,4561,32029.1,2289.01,0.0,814,3103.01,28926.09,"2021-11-26","9829-9488-8609-1527"
168,1013,12,2021,22365.48,3354.82,1118.27,2482,29320.58,2236.55,0.0,826,3062.55,26258.03,"2021-12-26","9829-9488-8609-1527"
169,1014,1,2021,17556.46,2633.47,877.82,3742,24809.75,1755.65,0.0,771,2526.65,22283.1,"2021-01-26","2355-9690-7777-1551"
170,1014,2,2021,17880.78,2682.12,894.04,3832,25288.93,1788.08,0.0,1698,3486.08,21802.86,"2021-02-25","2355-9690-7777-1551"
171,1014,3,2021,16708.5,2506.28,835.43,4344,24394.21,1670.85,0.0,1368,3038.85,21355.35,"2021-03-25","2355-9690-7777-1551"
172,1014,4,2021,17851.98,2677.8,892.6,2535,23957.38,1785.2,0.0,1539,3324.2,20633.18,"2021-04-27","2355-9690-7777-1551"
173,1014,5,2021,16671.85,2500.78,833.59,3794,23800.22,1667.18,0.0,883,2550.18,21250.03,"2021-05-28","2355-9690-7777-1551"
174,1014,6,2021,17022.42,2553.36,851.12,3333,23759.9,1702.24,0.0,1623,3325.24,20434.66,"2021-06-28","2355-9690-7777-1551"
175,1014,7,2021,17273.8,2591.07,863.69,2572,23300.56,1727.38,0.0,895,2622.38,20678.18,"2021-07-26","2355-9690-7777-1551"
176,1014,8,2021,16870.72,2530.61,843.54,4559,24803.86,1687.07,0.0,537,2224.07,22579.79,"2021-08-26","2355-9690-7777-1551"
177,1014,9,2021,16740.78,2511.12,837.04,3337,23425.94,1674.08,0.0,1488,3162.08,20263.86,"2021-09-27","2355-9690-7777-1551"
178,1014,10,2021,16933.21,2539.98,846.66,2984,23303.85,1693.32,0.0,1471,3164.32,20139.53,"2021-10-27","2355-9690-7777-1551"
179,1014,11,2021,17210.58,2581.59,860.53,4808,25460.69,1721.06,0.0,1236,2957.06,22503.63,"2021-11-25","2355-9690-7777-1551"
180,1014,12,2021,17198.0,2579.7,859.9,2405,23042.6,1719.8,0.0,939,2658.8,20383.8,"2021-12-28","2355-9690-7777-1551"
181,1016,1,2021,21353.76,3203.06,1067.69,3438,29062.51,2135.38,0.0,1381,3516.38,25546.13,"2021-01-27","5877-9831-7453-2522"
182,1016,2,2021,21433.0,3214.95,1071.65,4063,29782.6,2143.3,0.0,516,2659.3,27123.3,"2021-02-28","5877-9831-7453-2522"
183,1016,3,2021,20809.34,3121.4,1040.47,3389,28360.2,2080.93,0.0,1714,3794.93,24565.27,"2021-03-27","5877-9831-7453-2522"
184,1016,4,2021,21416.09,3212.41,1070.8,3847,29546.31,2141.61,0.0,1216,3357.61,26188.7,"2021-04-25","5877-9831-7453-2522"
185,1016,5,2021,20865.25,3129.79,1043.26,2247,27285.3,2086.52,0.0,943,3029.52,24255.77,"2021-05-26","5877-9831-7453-2522"
186,1016,6,2021,20586.81,3088.02,1029.34,3707,28411.17,2058.68,0.0,1857,3915.68,24495.49,"2021-06-25","5877-9831-7453-2522"
187,1016,7,2021,21449.16,3217.37,1072.46,3357,29095.99,2144.92,0.0,1856,4000.92,25095.08,"2021-07-28","5877-9831-7453-2522"
188,1016,8,2021,22317.47,3347.62,1115.87,4970,31750.96,2231.75,0.0,1764,3995.75,27755.21,"2021-08-28","5877-9831-7453-2522"
189,1016,9,2021,21156.32,3173.45,1057.82,2505,27892.58,2115.63,0.0,1323,3438.63,24453.95,"2021-09-25","5877-9831-7453-2522"
190,1016,10,2021,21265.81,3189.87,1063.29,2712,28230.97,2126.58,0.0,1775,3901.58,24329.39,"2021-10-27","5877-9831-7453-2522"
191,1016,11,2021,21312.93,3196.94,1065.65,2693,28268.51,2131.29,0.0,1700,3831.29,24437.22,"2021-11-26","5877-9831-7453-2522"
192,1016,12,2021,21812.73,3271.91,1090.64,2617,28792.28,2181.27,0.0,1210,3391.27,25401.01,"2021-12-28","5877-9831-7453-2522"
193,1017,1,2021,25942.08,3891.31,1297.1,3290,34420.5,2594.21,0.0,1632,4226.21,30194.29,"2021-01-26","8652-6110-7007-1701"
194,1017,2,2021,24139.37,3620.91,1206.97,4182,33149.24,2413.94,0.0,1481,3894.94,29254.31,"2021-02-28","8652-6110-7007-1701"
195,1017,3,2021,26358.45,3953.77,1317.92,3798,35428.14,2635.84,0.0,1186,3821.84,31606.29,"2021-03-28","8652-6110-7007-1701"
196,1017,4,2021,24155.75,3623.36,1207.79,3216,32202.9,2415.57,0.0,961,3376.57,28826.32,"2021-04-25","8652-6110-7007-1701"
197,1017,5,2021,25973.63,3896.04,1298.68,3178,34346.35,2597.36,0.0,1485,4082.36,30263.99,"2021-05-28","8652-6110-7007-1701"
198,1017,6,2021,26323.24,3948.49,1316.16,4224,35811.89,2632.32,0.0,558,3190.32,32621.57,"2021-06-27","8652-6110-7007-1701"
199,1017,7,2021,25896.53,3884.48,1294.83,2682,33757.84,2589.65,0.0,869,3458.65,30299.19,"2021-07-25","8652-6110-7007-1701"
200,1017,8,2021,24854.52,3728.18,1242.73,3254,33079.43,2485.45,0.0,1417,3902.45,29176.98,"2021-08-25","8652-6110-7007-1701"
201,1017,9,2021,25922.01,3888.3,1296.1,2680,33786.41,2592.2,0.0,1770,4362.2,29424.21,"2021-09-26","8652-6110-7007-1701"
202,1017,10,2021,25309.03,3796.35,1265.45,2737,33107.83,2530.9,0.0,1599,4129.9,28977.93,"2021-10-27","8652-6110-7007-1701"
203,1017,11,2021,25625.57,3843.84,1281.28,4484,35234.68,2562.56,0.0,1091,3653.56,31581.13,"2021-11-25","8652-6110-7007-1701"
204,1017,12,2021,24392.07,3658.81,1219.6,4422,33692.48,2439.21,0.0,556,2995.21,30697.27,"2021-12-28","8652-6110-7007-1701"
205,1018,1,2021,35487.31,5323.1,1774.37,2895,45479.78,3548.73,0.0,1838,5386.73,40093.04,"2021-01-26","5264-2779-5397-3336"
206,1018,2,2021,34922.56,5238.38,1746.13,4223,46130.07,3492.26,0.0,511,4003.26,42126.82,"2021-02-26","5264-2779-5397-3336"
207,1018,3,2021,34248.71,5137.31,1712.44,2726,43824.45,3424.87,0.0,584,4008.87,39815.58,"2021-03-27","5264-2779-5397-3336"
208,1018,4,2021,36614.64,5492.2,1830.73,3028,46965.56,3661.46,0.0,1868,5529.46,41436.1,"2021-04-25","5264-2779-5397-3336"
209,1018,5,2021,34605.62,5190.84,1730.28,4171,45697.74,3460.56,0.0,1926,5386.56,40311.18,"2021-05-26","5264-2779-5397-3336"
210,1018,6,2021,35529.11,5329.37,1776.46,4105,46739.93,3552.91,0.0,1705,5257.91,41482.02,"2021-06-26","5264-2779-5397-3336"
211,1018,7,2021,36167.26,5425.09,1808.36,2882,46282.71,3616.73,0.0,744,4360.73,41921.99,"2021-07-28","5264-2779-5397-3336"
212,1018,8,2021,35535.46,5330.32,1776.77,2582,45224.55,3553.55,0.0,1782,5335.55,39889.01,"2021-08-28","5264-2779-5397-3336"
213,1018,9,2021,36253.85,5438.08,1812.69,3733,47237.62,3625.38,0.0,1435,5060.38,42177.23,"2021-09-28","5264-2779-5397-3336"
214,1018,10,2021,35944.62,5391.69,1797.23,4548,47681.54,3594.46,0.0,1335,4929.46,42752.08,"2021-10-25","5264-2779-5397-3336"
215,1018,11,2021,34243.1,5136.46,1712.15,2521,43612.72,3424.31,0.0,1875,5299.31,38313.41,"2021-11-26","5264-2779-5397-3336"
216,1018,12,2021,36207.48,5431.12,1810.37,4295,47743.98,3620.75,0.0,1683,5303.75,42440.23,"2021-12-27","5264-2779-5397-3336"
217,1019,1,2021,41474.92,6221.24,2073.75,4110,53879.91,4147.49,0.0,1010,5157.49,48722.41,"2021-01-28","2901-3220-5839-8084"
218,1019,2,2021,42947.27,6442.09,2147.36,3145,54681.73,4294.73,0.0,1793,6087.73,48594.0,"2021-02-26","2901-3220-5839-8084"
219,1019,3,2021,42156.33,6323.45,2107.82,2261,52848.6,4215.63,0.0,1640,5855.63,46992.96,"2021-03-28","2901-3220-5839-8084"
220,1019,4,2021,43228.95,6484.34,2161.45,3509,55383.74,4322.9,0.0,922,5244.9,50138.85,"2021-04-28","2901-3220-5839-8084"
221,1019,5,2021,42809.23,6421.38,2140.46,2115,53486.07,4280.92,0.0,1894,6174.92,47311.15,"2021-05-26","2901-3220-5839-8084"
222,1019,6,2021,42282.75,6342.41,2114.14,3420,54159.3,4228.27,0.0,588,4816.27,49343.02,"2021-06-28","2901-3220-5839-8084"
223,1019,7,2021,42825.33,6423.8,2141.27,4597,55987.4,4282.53,0.0,1499,5781.53,50205.86,"2021-07-27","2901-3220-5839-8084"
224,1019,8,2021,45573.93,6836.09,2278.7,2012,56700.71,4557.39,0.0,948,5505.39,51195.32,"2021-08-26","2901-3220-5839-8084"
225,1019,9,2021,45292.7,6793.9,2264.63,2984,57335.24,4529.27,0.0,1872,6401.27,50933.97,"2021-09-26","2901-3220-5839-8084"
226,1019,10,2021,45601.93,6840.29,2280.1,3657,58379.32,4560.19,0.0,1836,6396.19,51983.13,"2021-10-27","2901-3220-5839-8084"
227,1019,11,2021,45653.79,6848.07,2282.69,3808,58592.54,4565.38,0.0,1186,5751.38,52841.16,"2021-11-27","2901-3220-5839-8084"
228,1019,12,2021,45185.97,6777.9,2259.3,2289,56512.16,4518.6,0.0,1848,6366.6,50145.57,"2021-12-27","2901-3220-5839-8084"
229,1020,1,2021,21865.52,3279.83,1093.28,3252,29490.62,2186.55,0.0,1242,3428.55,26062.07,"2021-01-25","6768-7098-6592-6664"
230,1020,2,2021,20827.05,3124.06,1041.35,2693,27685.46,2082.7,0.0,1552,3634.7,24050.75,"2021-02-28","6768-7098-6592-6664"
231,1020,3,2021,21752.59,3262.89,1087.63,2770,28873.11,2175.26,0.0,1366,3541.26,25331.85,"2021-03-27","6768-7098-6592-6664"
232,1020,4,2021,20323.98,3048.6,1016.2,3807,28195.77,2032.4,0.0,1259,3291.4,24904.37,"2021-04-25","6768-7098-6592-6664"
233,1020,5,2021,21041.94,3156.29,1052.1,4236,29486.33,2104.19,0.0,1939,4043.19,25443.13,"2021-05-26","6768-7098-6592-6664"
234,1020,6,2021,20988.32,3148.25,1049.42,4751,29936.99,2098.83,0.0,1342,3440.83,26496.15,"2021-06-26","6768-7098-6592-6664"
235,1020,7,2021,20794.79,3119.22,1039.74,4358,29311.75,2079.48,0.0,1541,3620.48,25691.27,"2021-07-28","6768-7098-6592-6664"
236,1020,8,2021,20792.92,3118.94,1039.65,4994,29945.5,2079.29,0.0,1614,3693.29,26252.21,"2021-08-26","6768-7098-6592-6664"
237,1020,9,2021,21237.99,3185.7,1061.9,3107,28592.59,2123.8,0.0,1844,3967.8,24624.79,"2021-09-25","6768-7098-6592-6664"
238,1020,10,2021,21851.45,3277.72,1092.57,3862,30083.73,2185.14,0.0,906,3091.14,26992.59,"2021-10-28","6768-7098-6592-6664"
239,1020,11,2021,22042.69,3306.4,1102.13,2514,28965.22,2204.27,0.0,1179,3383.27,25581.96,"2021-11-26","6768-7098-6592-6664"
240,1020,12,2021,20843.26,3126.49,1042.16,4765,29776.92,2084.33,0.0,1918,4002.33,25774.59,"2021-12-26","6768-7098-6592-6664"
241,1021,1,2021,23690.55,3553.58,1184.53,2322,30750.66,2369.05,0.0,685,3054.05,27696.6,"2021-01-25","9063-4786-7362-9428"
242,1021,2,2021,24842.83,3726.42,1242.14,3197,33008.39,2484.28,0.0,1294,3778.28,29230.11,"2021-02-27","9063-4786-7362-9428"
243,1021,3,2021,23958.4,3593.76,1197.92,2434,31184.08,2395.84,0.0,1794,4189.84,26994.24,"2021-03-25","9063-4786-7362-9428"
244,1021,4,2021,24170.06,3625.51,1208.5,2682,31686.08,2417.01,0.0,1085,3502.01,28184.07,"2021-04-27","9063-4786-7362-9428"
245,1021,5,2021,25758.03,3863.7,1287.9,2108,33017.64,2575.8,0.0,1912,4487.8,28529.83,"2021-05-27","9063-4786-7362-9428"
246,1021,6,2021,24035.74,3605.36,1201.79,3765,32607.88,2403.57,0.0,1746,4149.57,28458.31,"2021-06-25","9063-4786-7362-9428"
247,1021,7,2021,24250.74,3637.61,1212.54,3331,32431.88,2425.07,0.0,1645,4070.07,28361.81,"2021-07-25","9063-4786-7362-9428"
248,1021,8,2021,25274.9,3791.24,1263.75,4354,34683.88,2527.49,0.0,1103,3630.49,31053.39,"2021-08-26","9063-4786-7362-9428"
249,1021,9,2021,24999.82,3749.97,1249.99,2044,32043.78,2499.98,0.0,1329,3828.98,28214.8,"2021-09-27","9063-4786-7362-9428"
250,1021,10,2021,23802.73,3570.41,1190.14,2624,31187.27,2380.27,0.0,968,3348.27,27839.0,"2021-10-26","9063-4786-7362-9428"
251,1021,11,2021,25404.36,3810.65,1270.22,3071,33556.23,2540.44,0.0,848,3388.44,30167.79,"2021-11-25","9063-4786-7362-9428"
252,1021,12,2021,24381.78,3657.27,1219.09,3735,32993.14,2438.18,0.0,1240,3678.18,29314.96,"2021-12-28","9063-4786-7362-9428"
253,1022,1,2021,25633.0,3844.95,1281.65,2315,33074.6,2563.3,0.0,917,3480.3,29594.3,"2021-01-27","3616-2371-8946-3976"
254,1022,2,2021,25101.23,3765.18,1255.06,2307,32428.47,2510.12,0.0,1246,3756.12,28672.35,"2021-02-28","3616-2371-8946-3976"
255,1022,3,2021,23981.67,3597.25,1199.08,3668,32446.01,2398.17,0.0,830,3228.17,29217.84,"2021-03-28","3616-2371-8946-3976"
256,1022,4,2021,23597.97,3539.7,1179.9,2675,30992.56,2359.8,0.0,1349,3708.8,27283.77,"2021-04-27","3616-2371-8946-3976"
257,1022,5,2021,24691.15,3703.67,1234.56,2724,32353.38,2469.11,0.0,1183,3652.11,28701.26,"2021-05-28","3616-2371-8946-3976"
258,1022,6,2021,24129.6,3619.44,1206.48,2821,31776.52,2412.96,0.0,1145,3557.96,28218.56,"2021-06-28","3616-2371-8946-3976"
259,1022,7,2021,24756.54,3713.48,1237.83,3968,33675.84,2475.65,0.0,1877,4352.65,29323.19,"2021-07-25","3616-2371-8946-3976"
260,1022,8,2021,23506.89,3526.03,1175.34,3310,31518.27,2350.69,0.0,992,3342.69,28175.58,"2021-08-25","3616-2371-8946-3976"
261,1022,9,2021,25592.41,3838.86,1279.62,4465,35175.89,2559.24,0.0,1603,4162.24,31013.65,"2021-09-28","3616-2371-8946-3976"
262,1022,10,2021,25157.97,3773.69,1257.9,4594,34783.56,2515.8,0.0,1041,3556.8,31226.76,"2021-10-26","3616-2371-8946-3976"
263,1022,11,2021,24862.06,3729.31,1243.1,3710,33544.47,2486.21,0.0,912,3398.21,30146.27,"2021-11-26","3616-2371-8946-3976"
264,1022,12,2021,25267.65,3790.15,1263.38,3930,34251.18,2526.77,0.0,539,3065.77,31185.42,"2021-12-26","3616-2371-8946-3976"
265,1023,1,2021,56721.74,8508.26,2836.09,4345,72411.09,5672.17,336.09,1184,7192.26,65218.83,"2021-01-28","2565-7123-6334-9723"
266,1023,2,2021,59288.05,8893.21,2964.4,2300,73445.66,5928.8,464.4,1903,8296.21,65149.45,"2021-02-25","2565-7123-6334-9723"
267,1023,3,2021,56427.14,8464.07,2821.36,3706,71418.57,5642.71,321.36,1202,7166.07,64252.49,"2021-03-26","2565-7123-6334-9723"
268,1023,4,2021,58030.58,8704.59,2901.53,2630,72266.7,5803.06,401.53,1217,7421.59,64845.11,"2021-04-28","2565-7123-6334-9723"
269,1023,5,2021,59270.9,8890.63,2963.54,3227,74352.08,5927.09,463.54,1156,7546.63,66805.44,"2021-05-25","2565-7123-6334-9723"
270,1023,6,2021,56992.88,8548.93,2849.64,4073,72464.46,5699.29,349.64,1059,7107.93,65356.53,"2021-06-28","2565-7123-6334-9723"
271,1023,7,2021,59760.15,8964.02,2988.01,2674,74386.18,5976.02,488.01,582,7046.02,67340.16,"2021-07-26","2565-7123-6334-9723"
272,1023,8,2021,59182.35,8877.35,2959.12,3154,74172.82,5918.23,459.12,1175,7552.35,66620.47,"2021-08-26","2565-7123-6334-9723"
273,1023,9,2021,59736.5,8960.48,2986.83,2813,74496.8,5973.65,486.83,1616,8076.48,66420.33,"2021-09-25","2565-7123-6334-9723"
274,1023,10,2021,56629.33,8494.4,2831.47,4778,72733.2,5662.93,331.47,1969,7963.4,64769.8,"2021-10-27","2565-7123-6334-9723"
275,1023,11,2021,56887.67,8533.15,2844.38,3543,71808.2,5688.77,344.38,1517,7550.15,64258.05,"2021-11-27","2565-7123-6334-9723"
276,1023,12,2021,55077.03,8261.55,2753.85,3344,69436.43,5507.7,253.85,663,6424.55,63011.88,"2021-12-25","2565-7123-6334-9723"
277,1024,1,2021,35660.66,5349.1,1783.03,2231,45023.79,3566.07,0.0,1112,4678.07,40345.72,"2021-01-28","8414-3124-1539-8748"
278,1024,2,2021,37133.01,5569.95,1856.65,3993,48552.62,3713.3,0.0,1814,5527.3,43025.32,"2021-02-25","8414-3124-1539-8748"
279,1024,3,2021,36983.62,5547.54,1849.18,4783,49163.34,3698.36,0.0,1262,4960.36,44202.98,"2021-03-27","8414-3124-1539-8748"
280,1024,4,2021,38444.76,5766.71,1922.24,3060,49193.71,3844.48,0.0,770,4614.48,44579.23,"2021-04-28","8414-3124-1539-8748"
281,1024,5,2021,37524.27,5628.64,1876.21,4005,49034.13,3752.43,0.0,736,4488.43,44545.7,"2021-05-28","8414-3124-1539-8748"
282,1024,6,2021,37120.69,5568.1,1856.03,2779,47323.83,3712.07,0.0,1942,5654.07,41669.76,"2021-06-28","8414-3124-1539-8748"
283,1024,7,2021,36052.82,5407.92,1802.64,3722,46985.38,3605.28,0.0,1949,5554.28,41431.1,"2021-07-25","8414-3124-1539-8748"
284,1024,8,2021,36919.84,5537.98,1845.99,2468,46771.8,3691.98,0.0,835,4526.98,42244.82,"2021-08-26","8414-3124-1539-8748"
285,1024,9,2021,35833.16,5374.97,1791.66,3381,46380.79,3583.32,0.0,1788,5371.32,41009.47,"2021-09-28","8414-3124-1539-8748"
286,1024,10,2021,36042.35,5406.35,1802.12,2594,45844.82,3604.23,0.0,801,4405.23,41439.58,"2021-10-27","8414-3124-1539-8748"
287,1024,11,2021,38529.71,5779.46,1926.49,3191,49426.65,3852.97,0.0,847,4699.97,44726.68,"2021-11-28","8414-3124-1539-8748"
288,1024,12,2021,36646.68,5497.0,1832.33,4520,48496.02,3664.67,0.0,719,4383.67,44112.35,"2021-12-25","8414-3124-1539-8748"
289,1025,1,2021,35713.37,5357.01,1785.67,4911,47767.04,3571.34,0.0,1806,5377.34,42389.71,"2021-01-26","4622-1750-3700-9508"
290,1025,2,2021,37658.12,5648.72,1882.91,4236,49425.75,3765.81,0.0,1516,5281.81,44143.94,"2021-02-25","4622-1750-3700-9508"
291,1025,3,2021,35530.01,5329.5,1776.5,2315,44951.02,3553.0,0.0,1982,5535.0,39416.01,"2021-03-28","4622-1750-3700-9508"
292,1025,4,2021,36727.62,5509.14,1836.38,3461,47534.14,3672.76,0.0,1345,5017.76,42516.38,"2021-04-27","4622-1750-3700-9508"
293,1025,5,2021,36234.49,5435.17,1811.72,4486,47967.39,3623.45,0.0,1855,5478.45,42488.94,"2021-05-25","4622-1750-3700-9508"
294,1025,6,2021,34997.36,5249.6,1749.87,4832,46828.83,3499.74,0.0,1333,4832.74,41996.09,"2021-06-25","4622-1750-3700-9508"
295,1025,7,2021,36955.8,5543.37,1847.79,3017,47363.96,3695.58,0.0,1072,4767.58,42596.38,"2021-07-25","4622-1750-3700-9508"
296,1025,8,2021,38041.86,5706.28,1902.09,3557,49207.23,3804.19,0.0,1631,5435.19,43772.05,"2021-08-26","4622-1750-3700-9508"
297,1025,9,2021,36585.6,5487.84,1829.28,4912,48814.72,3658.56,0.0,1218,4876.56,43938.16,"2021-09-28","4622-1750-3700-9508"
298,1025,10,2021,36215.76,5432.36,1810.79,4510,47968.91,3621.58,0.0,957,4578.58,43390.33,"2021-10-27","4622-1750-3700-9508"
299,1025,11,2021,37264.31,5589.65,1863.22,3352,48069.17,3726.43,0.0,1364,5090.43,42978.74,"2021-11-25","4622-1750-3700-9508"
300,1025,12,2021,36745.88,5511.88,1837.29,4697,48792.05,3674.59,0.0,1118,4792.59,43999.47,"2021-12-26","4622-1750-3700-9508"
301,1026,1,2021,70276.75,10541.51,3513.84,4148,88480.1,7027.68,1013.84,1683,9724.51,78755.59,"2021-01-28","8325-4059-1383-3017"
302,1026,2,2021,68831.78,10324.77,3441.59,3966,86564.14,6883.18,941.59,893,8717.77,77846.37,"2021-02-28","8325-4059-1383-3017"
303,1026,3,2021,72854.47,10928.17,3642.72,3948,91373.36,7285.45,1142.72,606,9034.17,82339.19,"2021-03-26","8325-4059-1383-3017"
304,1026,4,2021,67077.99,10061.7,3353.9,4933,85426.59,6707.8,853.9,629,8190.7,77235.89,"2021-04-27","8325-4059-1383-3017"
305,1026,5,2021,66624.46,9993.67,3331.22,3263,83212.35,6662.45,831.22,877,8370.67,74841.68,"2021-05-26","8325-4059-1383-3017"
306,1026,6,2021,66570.7,9985.6,3328.53,3642,83526.84,6657.07,828.53,1622,9107.6,74419.23,"2021-06-26","8325-4059-1383-3017"
307,1026,7,2021,67021.23,10053.18,3351.06,3879,84304.48,6702.12,851.06,1737,9290.18,75014.29,"2021-07-26","8325-4059-1383-3017"
308,1026,8,2021,71943.68,10791.55,3597.18,4239,90571.42,7194.37,1097.18,699,8990.55,81580.87,"2021-08-27","8325-4059-1383-3017"
309,1026,9,2021,69338.59,10400.79,3466.93,3953,87159.31,6933.86,966.93,656,8556.79,78602.52,"2021-09-25","8325-4059-1383-3017"
310,1026,10,2021,69019.17,10352.88,3450.96,2808,85631.01,6901.92,950.96,691,8543.88,77087.13,"2021-10-28","8325-4059-1383-3017"
311,1026,11,2021,68704.56,10305.68,3435.23,3468,85913.47,6870.46,935.23,1012,8817.68,77095.79,"2021-11-26","8325-4059-1383-3017"
312,1026,12,2021,68409.47,10261.42,3420.47,3253,85344.36,6840.95,920.47,1250,9011.42,76332.94,"2021-12-26","8325-4059-1383-3017"
313,1027,1,2021,27666.37,4149.96,1383.32,3712,36911.64,2766.64,0.0,1380,4146.64,32765.01,"2021-01-26","1126-1882-1452-5352"
314,1027,2,2021,26238.81,3935.82,1311.94,2434,33920.57,2623.88,0.0,1486,4109.88,29810.69,"2021-02-25","1126-1882-1452-5352"
315,1027,3,2021,27930.48,4189.57,1396.52,3781,37297.58,2793.05,0.0,1958,4751.05,32546.53,"2021-03-25","1126-1882-1452-5352"
316,1027,4,2021,28008.04,4201.21,1400.4,4408,38017.65,2800.8,0.0,720,3520.8,34496.85,"2021-04-25","1126-1882-1452-5352"
317,1027,5,2021,26527.03,3979.05,1326.35,2277,34109.43,2652.7,0.0,751,3403.7,30705.73,"2021-05-25","1126-1882-1452-5352"
318,1027,6,2021,27003.86,4050.58,1350.19,3079,35483.63,2700.39,0.0,686,3386.39,32097.24,"2021-06-28","1126-1882-1452-5352"
319,1027,7,2021,28329.15,4249.37,1416.46,2954,36948.98,2832.92,0.0,1909,4741.92,32207.07,"2021-07-28","1126-1882-1452-5352"
320,1027,8,2021,26676.0,4001.4,1333.8,4783,36794.2,2667.6,0.0,539,3206.6,33587.6,"2021-08-27","1126-1882-1452-5352"
321,1027,9,2021,26179.25,3926.89,1308.96,4283,35698.1,2617.92,0.0,787,3404.92,32293.17,"2021-09-26","1126-1882-1452-5352"
322,1027,10,2021,26516.22,3977.43,1325.81,3820,35639.46,2651.62,0.0,777,3428.62,32210.84,"2021-10-28","1126-1882-1452-5352"
323,1027,11,2021,28486.7,4273.0,1424.33,4405,38589.04,2848.67,0.0,1166,4014.67,34574.37,"2021-11-28","1126-1882-1452-5352"
324,1027,12,2021,28765.72,4314.86,1438.29,3565,38083.87,2876.57,0.0,1096,3972.57,34111.29,"2021-12-25","1126-1882-1452-5352"
325,1028,1,2021,53963.91,8094.59,2698.2,4973,69729.69,5396.39,198.2,626,6220.59,63509.1,"2021-01-28","6879-3397-4643-6674"
326,1028,2,2021,55164.78,8274.72,2758.24,3929,70126.74,5516.48,258.24,1441,7215.72,62911.02,"2021-02-28","6879-3397-4643-6674"
327,1028,3,2021,54728.12,8209.22,2736.41,3158,68831.75,5472.81,236.41,1185,6894.22,61937.53,"2021-03-27","6879-3397-4643-6674"
328,1028,4,2021,55936.2,8390.43,2796.81,3804,70927.44,5593.62,296.81,831,6721.43,64206.01,"2021-04-28","6879-3397-4643-6674"
329,1028,5,2021,54940.82,8241.12,2747.04,2002,67930.98,5494.08,247.04,1496,7237.12,60693.86,"2021-05-27","6879-3397-4643-6674"
330,1028,6,2021,56960.08,8544.01,2848.0,3653,72005.1,5696.01,348.0,1884,7928.01,64077.08,"2021-06-28","6879-3397-4643-6674"
331,1028,7,2021,57256.97,8588.55,2862.85,2639,71347.36,5725.7,362.85,1157,7245.55,64101.82,"2021-07-27","6879-3397-4643-6674"
332,1028,8,2021,55376.14,8306.42,2768.81,2216,68667.36,5537.61,268.81,1710,7516.42,61150.94,"2021-08-28","6879-3397-4643-6674"
333,1028,9,2021,54631.29,8194.69,2731.56,4405,69962.55,5463.13,231.56,565,6259.69,63702.86,"2021-09-28","6879-3397-4643-6674"
334,1028,10,2021,52475.01,7871.25,2623.75,3707,66677.01,5247.5,123.75,1228,6599.25,60077.76,"2021-10-27","6879-3397-4643-6674"
335,1028,11,2021,55442.15,8316.32,2772.11,3191,69721.58,5544.22,272.11,1565,7381.32,62340.26,"2021-11-28","6879-3397-4643-6674"
336,1028,12,2021,55221.48,8283.22,2761.07,3641,69906.78,5522.15,261.07,1361,7144.22,62762.55,"2021-12-26","6879-3397-4643-6674"
337,1029,1,2021,26637.41,3995.61,1331.87,2676,34640.89,2663.74,0.0,1555,4218.74,30422.15,"2021-01-25","3153-8583-1472-9328"
338,1029,2,2021,27080.18,4062.03,1354.01,4084,36580.21,2708.02,0.0,1428,4136.02,32444.2,"2021-02-28","3153-8583-1472-9328"
339,1029,3,2021,26625.09,3993.76,1331.25,4940,36890.11,2662.51,0.0,1585,4247.51,32642.6,"2021-03-26","3153-8583-1472-9328"
340,1029,4,2021,27510.77,4126.62,1375.54,4004,37016.92,2751.08,0.0,1333,4084.08,32932.84,"2021-04-25","3153-8583-1472-9328"
341,1029,5,2021,26725.74,4008.86,1336.29,3582,35652.89,2672.57,0.0,1558,4230.57,31422.31,"2021-05-27","3153-8583-1472-9328"
342,1029,6,2021,27654.32,4148.15,1382.72,4256,37441.18,2765.43,0.0,1523,4288.43,33152.75,"2021-06-27","3153-8583-1472-9328"
343,1029,7,2021,25584.68,3837.7,1279.23,4667,35368.61,2558.47,0.0,859,3417.47,31951.15,"2021-07-25","3153-8583-1472-9328"
344,1029,8,2021,27000.52,4050.08,1350.03,2074,34474.63,2700.05,0.0,1780,4480.05,29994.57,"2021-08-27","3153-8583-1472-9328"
345,1029,9,2021,26659.11,3998.87,1332.96,3488,35478.94,2665.91,0.0,578,3243.91,32235.03,"2021-09-27","3153-8583-1472-9328"
346,1029,10,2021,27905.3,4185.8,1395.27,2147,35633.36,2790.53,0.0,1453,4243.53,31389.83,"2021-10-26","3153-8583-1472-9328"
347,1029,11,2021,25499.65,3824.95,1274.98,2180,32779.58,2549.97,0.0,763,3312.97,29466.62,"2021-11-28","3153-8583-1472-9328"
348,1029,12,2021,27392.7,4108.9,1369.63,4476,37347.24,2739.27,0.0,1457,4196.27,33150.97,"2021-12-27","3153-8583-1472-9328"
349,1030,1,2021,67260.23,10089.03,3363.01,4699,85411.27,6726.02,863.01,1350,8939.03,76472.24,"2021-01-27","5210-1546-2983-7429"
350,1030,2,2021,62191.5,9328.73,3109.58,3139,77768.8,6219.15,609.58,1667,8495.73,69273.08,"2021-02-25","5210-1546-2983-7429"
351,1030,3,2021,62229.76,9334.46,3111.49,3214,77889.71,6222.98,611.49,1771,8605.46,69284.25,"2021-03-28","5210-1546-2983-7429"
352,1030,4,2021,67020.38,10053.06,3351.02,4716,85140.46,6702.04,851.02,675,8228.06,76912.4,"2021-04-28","5210-1546-2983-7429"
353,1030,5,2021,62701.35,9405.2,3135.07,2236,77477.62,6270.13,635.07,1768,8673.2,68804.42,"2021-05-26","5210-1546-2983-7429"
354,1030,6,2021,62928.14,9439.22,3146.41,2778,78291.77,6292.81,646.41,1119,8058.22,70233.55,"2021-06-28","5210-1546-2983-7429"
355,1030,7,2021,66854.78,10028.22,3342.74,3169,83394.74,6685.48,842.74,775,8303.22,75091.52,"2021-07-26","5210-1546-2983-7429"
356,1030,8,2021,66052.63,9907.89,3302.63,4488,83751.15,6605.26,802.63,906,8313.89,75437.26,"2021-08-26","5210-1546-2983-7429"
357,1030,9,2021,64526.38,9678.96,3226.32,3701,81132.66,6452.64,726.32,1805,8983.96,72148.7,"2021-09-25","5210-1546-2983-7429"
358,1030,10,2021,61898.28,9284.74,3094.91,2663,76940.94,6189.83,594.91,1984,8768.74,68172.2,"2021-10-28","5210-1546-2983-7429"
359,1030,11,2021,61927.17,9289.07,3096.36,4931,79243.6,6192.72,596.36,1512,8301.07,70942.52,"2021-11-28","5210-1546-2983-7429"
360,1030,12,2021,63965.84,9594.88,3198.29,3426,80185.01,6396.58,698.29,1709,8803.88,71381.13,"2021-12-25","5210-1546-2983-7429"
361,1031,1,2021,18634.74,2795.21,931.74,3959,26320.69,1863.47,0.0,1044,2907.47,23413.22,"2021-01-27","7502-9808-8351-7871"
362,1031,2,2021,18596.01,2789.4,929.8,3525,25840.21,1859.6,0.0,634,2493.6,23346.61,"2021-02-27","7502-9808-8351-7871"
363,1031,3,2021,19100.01,2865.0,955.0,2926,25846.02,1910.0,0.0,1991,3901.0,21945.02,"2021-03-25","7502-9808-8351-7871"
364,1031,4,2021,18831.18,2824.68,941.56,2231,24828.41,1883.12,0.0,1449,3332.12,21496.29,"2021-04-27","7502-9808-8351-7871"
365,1031,5,2021,18400.38,2760.06,920.02,2815,24895.45,1840.04,0.0,1233,3073.04,21822.42,"2021-05-26","7502-9808-8351-7871"
366,1031,6,2021,18519.53,2777.93,925.98,3671,25894.44,1851.95,0.0,1661,3512.95,22381.49,"2021-06-27","7502-9808-8351-7871"
367,1031,7,2021,18331.46,2749.72,916.57,3306,25303.75,1833.15,0.0,621,2454.15,22849.6,"2021-07-26","7502-9808-8351-7871"
368,1031,8,2021,18023.0,2703.45,901.15,3661,25288.61,1802.3,0.0,1149,2951.3,22337.3,"2021-08-27","7502-9808-8351-7871"
369,1031,9,2021,19139.36,2870.9,956.97,2065,25032.23,1913.94,0.0,1390,3303.94,21728.29,"2021-09-26","7502-9808-8351-7871"
370,1031,10,2021,19204.87,2880.73,960.24,2570,25615.84,1920.49,0.0,1354,3274.49,22341.35,"2021-10-27","7502-9808-8351-7871"
371,1031,11,2021,19527.87,2929.18,976.39,4384,27817.44,1952.79,0.0,1321,3273.79,24543.65,"2021-11-27","7502-9808-8351-7871"
372,1031,12,2021,19736.46,2960.47,986.82,2461,26144.75,1973.65,0.0,1589,3562.65,22582.11,"2021-12-26","7502-9808-8351-7871"
373,1032,1,2021,22896.0,3434.4,1144.8,2919,30394.2,2289.6,0.0,1118,3407.6,26986.6,"2021-01-26","2522-5455-5315-9647"
374,1032,2,2021,22686.53,3402.98,1134.33,3334,30557.83,2268.65,0.0,1632,3900.65,26657.18,"2021-02-26","2522-5455-5315-9647"
375,1032,3,2021,22913.79,3437.07,1145.69,4244,31740.55,2291.38,0.0,1533,3824.38,27916.17,"2021-03-25","2522-5455-5315-9647"
376,1032,4,2021,22090.61,3313.59,1104.53,4760,31268.73,2209.06,0.0,508,2717.06,28551.67,"2021-04-26","2522-5455-5315-9647"
377,1032,5,2021,23319.45,3497.92,1165.97,4043,32026.34,2331.95,0.0,1450,3781.95,28244.4,"2021-05-26","2522-5455-5315-9647"
378,1032,6,2021,22500.49,3375.07,1125.02,4094,31094.59,2250.05,0.0,1427,3677.05,27417.54,"2021-06-27","2522-5455-5315-9647"
379,1032,7,2021,24254.33,3638.15,1212.72,2772,31877.2,2425.43,0.0,1214,3639.43,28237.77,"2021-07-27","2522-5455-5315-9647"
380,1032,8,2021,22165.66,3324.85,1108.28,2431,29029.79,2216.57,0.0,1634,3850.57,25179.22,"2021-08-27","2522-5455-5315-9647"
381,1032,9,2021,22070.15,3310.52,1103.51,2114,28598.18,2207.02,0.0,1106,3313.02,25285.17,"2021-09-25","2522-5455-5315-9647"
382,1032,10,2021,22190.76,3328.61,1109.54,3531,30159.91,2219.08,0.0,1790,4009.08,26150.84,"2021-10-27","2522-5455-5315-9647"
383,1032,11,2021,22771.12,3415.67,1138.56,4866,32191.34,2277.11,0.0,1716,3993.11,28198.23,"2021-11-26","2522-5455-5315-9647"
384,1032,12,2021,23953.54,3593.03,1197.68,4041,32785.24,2395.35,0.0,1390,3785.35,28999.89,"2021-12-26","2522-5455-5315-9647"
385,1033,1,2021,31912.43,4786.86,1595.62,3779,42073.92,3191.24,0.0,1937,5128.24,36945.67,"2021-01-26","1493-1596-3811-1750"
386,1033,2,2021,31173.61,4676.04,1558.68,2740,40148.34,3117.36,0.0,1376,4493.36,35654.97,"2021-02-25","1493-1596-3811-1750"
387,1033,3,2021,30722.13,4608.32,1536.11,2541,39407.56,3072.21,0.0,1486,4558.21,34849.34,"2021-03-25","1493-1596-3811-1750"
388,1033,4,2021,29597.1,4439.57,1479.86,3314,38830.52,2959.71,0.0,1724,4683.71,34146.81,"2021-04-26","1493-1596-3811-1750"
389,1033,5,2021,29354.83,4403.22,1467.74,3969,39194.8,2935.48,0.0,1509,4444.48,34750.32,"2021-05-28","1493-1596-3811-1750"
390,1033,6,2021,30635.66,4595.35,1531.78,4987,41749.79,3063.57,0.0,1536,4599.57,37150.22,"2021-06-28","1493-1596-3811-1750"
391,1033,7,2021,29427.01,4414.05,1471.35,4232,39544.42,2942.7,0.0,1114,4056.7,35487.71,"2021-07-25","1493-1596-3811-1750"
392,1033,8,2021,31655.2,4748.28,1582.76,2832,40818.24,3165.52,0.0,1674,4839.52,35978.72,"2021-08-25","1493-1596-3811-1750"
393,1033,9,2021,30970.89,4645.63,1548.54,2149,39314.07,3097.09,0.0,875,3972.09,35341.98,"2021-09-26","1493-1596-3811-1750"
394,1033,10,2021,29892.98,4483.95,1494.65,2802,38673.58,2989.3,0.0,1529,4518.3,34155.28,"2021-10-28","1493-1596-3811-1750"
395,1033,11,2021,30007.69,4501.15,1500.38,3324,39333.23,3000.77,0.0,558,3558.77,35774.46,"2021-11-28","1493-1596-3811-1750"
396,1033,12,2021,31381.25,4707.19,1569.06,4781,42438.5,3138.13,0.0,1767,4905.13,37533.38,"2021-12-25","1493-1596-3811-1750"
397,1034,1,2021,45052.63,6757.89,2252.63,3244,57307.16,4505.26,0.0,533,5038.26,52268.89,"2021-01-26","5902-8099-2787-2598"
398,1034,2,2021,44399.62,6659.94,2219.98,4317,57596.55,4439.96,0.0,1428,5867.96,51728.59,"2021-02-28","5902-8099-2787-2598"
399,1034,3,2021,43627.32,6544.1,2181.37,3554,55906.78,4362.73,0.0,825,5187.73,50719.05,"2021-03-26","5902-8099-2787-2598"
400,1034,4,2021,44833.46,6725.02,2241.67,2295,56095.16,4483.35,0.0,649,5132.35,50962.81,"2021-04-27","5902-8099-2787-2598"
401,1034,5,2021,43006.16,6450.92,2150.31,3687,55294.39,4300.62,0.0,1835,6135.62,49158.77,"2021-05-25","5902-8099-2787-2598"
402,1034,6,2021,41495.37,6224.31,2074.77,4634,54428.45,4149.54,0.0,555,4704.54,49723.91,"2021-06-25","5902-8099-2787-2598"
403,1034,7,2021,42233.21,6334.98,2111.66,2224,52903.85,4223.32,0.0,1307,5530.32,47373.53,"2021-07-28","5902-8099-2787-2598"
404,1034,8,2021,43645.21,6546.78,2182.26,2079,54453.25,4364.52,0.0,1355,5719.52,48733.73,"2021-08-27","5902-8099-2787-2598"
405,1034,9,2021,44994.43,6749.16,2249.72,4675,58668.32,4499.44,0.0,887,5386.44,53281.88,"2021-09-26","5902-8099-2787-2598"
406,1034,10,2021,44125.0,6618.75,2206.25,2346,55296.0,4412.5,0.0,1532,5944.5,49351.5,"2021-10-25","5902-8099-2787-2598"
407,1034,11,2021,42135.22,6320.28,2106.76,2315,52877.26,4213.52,0.0,1866,6079.52,46797.74,"2021-11-25","5902-8099-2787-2598"
408,1034,12,2021,43116.14,6467.42,2155.81,3699,55438.37,4311.61,0.0,1917,6228.61,49209.75,"2021-12-28","5902-8099-2787-2598"
409,1035,1,2021,29534.34,4430.15,1476.72,4549,39990.21,2953.43,0.0,1233,4186.43,35803.77,"2021-01-26","7549-5840-3776-7933"
410,1035,2,2021,27113.98,4067.1,1355.7,2285,34821.78,2711.4,0.0,705,3416.4,31405.38,"2021-02-27","7549-5840-3776-7933"
411,1035,3,2021,28396.71,4259.51,1419.84,2214,36290.05,2839.67,0.0,848,3687.67,32602.38,"2021-03-27","7549-5840-3776-7933"
412,1035,4,2021,29501.35,4425.2,1475.07,2009,37410.61,2950.13,0.0,1903,4853.13,32557.48,"2021-04-28","7549-5840-3776-7933"
413,1035,5,2021,28712.12,4306.82,1435.61,3226,37680.54,2871.21,0.0,1023,3894.21,33786.33,"2021-05-25","7549-5840-3776-7933"
414,1035,6,2021,27100.32,4065.05,1355.02,4983,37503.39,2710.03,0.0,742,3452.03,34051.35,"2021-06-26","7549-5840-3776-7933"
415,1035,7,2021,29181.33,4377.2,1459.07,3596,38613.6,2918.13,0.0,864,3782.13,34831.47,"2021-07-25","7549-5840-3776-7933"
416,1035,8,2021,28402.1,4260.31,1420.1,4018,38100.52,2840.21,0.0,1489,4329.21,33771.31,"2021-08-26","7549-5840-3776-7933"
417,1035,9,2021,27715.93,4157.39,1385.8,4989,38248.12,2771.59,0.0,1349,4120.59,34127.52,"2021-09-26","7549-5840-3776-7933"
418,1035,10,2021,28070.62,4210.59,1403.53,2921,36605.75,2807.06,0.0,749,3556.06,33049.68,"2021-10-28","7549-5840-3776-7933"
419,1035,11,2021,28396.72,4259.51,1419.84,3952,38028.07,2839.67,0.0,749,3588.67,34439.39,"2021-11-26","7549-5840-3776-7933"
420,1035,12,2021,29080.31,4362.05,1454.02,2285,37181.37,2908.03,0.0,1249,4157.03,33024.34,"2021-12-25","7549-5840-3776-7933"
421,1036,1,2021,60284.76,9042.71,3014.24,3919,76260.71,6028.48,514.24,504,7046.71,69214.0,"2021-01-27","1418-9479-9575-3894"
422,1036,2,2021,59314.47,8897.17,2965.72,2686,73863.36,5931.45,465.72,785,7182.17,66681.19,"2021-02-26","1418-9479-9575-3894"
423,1036,3,2021,61098.08,9164.71,3054.9,3367,76684.69,6109.81,554.9,724,7388.71,69295.98,"2021-03-25","1418-9479-9575-3894"
424,1036,4,2021,57912.86,8686.93,2895.64,4855,74350.43,5791.29,395.64,534,6720.93,67629.5,"2021-04-25","1418-9479-9575-3894"
425,1036,5,2021,60578.25,9086.74,3028.91,4771,77464.9,6057.83,528.91,677,7263.74,70201.16,"2021-05-28","1418-9479-9575-3894"
426,1036,6,2021,57786.36,8667.95,2889.32,3160,72503.64,5778.64,389.32,1891,8058.95,64444.68,"2021-06-27","1418-9479-9575-3894"
427,1036,7,2021,62303.77,9345.57,3115.19,2878,77642.52,6230.38,615.19,1951,8796.57,68845.96,"2021-07-26","1418-9479-9575-3894"
428,1036,8,2021,60343.33,9051.5,3017.17,4619,77031.0,6034.33,517.17,1931,8482.5,68548.5,"2021-08-27","1418-9479-9575-3894"
429,1036,9,2021,60395.35,9059.3,3019.77,2503,74977.42,6039.54,519.77,669,7228.3,67749.12,"2021-09-25","1418-9479-9575-3894"
430,1036,10,2021,60840.53,9126.08,3042.03,2424,75432.63,6084.05,542.03,1643,8269.08,67163.55,"2021-10-27","1418-9479-9575-3894"
431,1036,11,2021,62850.49,9427.57,3142.52,3809,79229.59,6285.05,642.52,1685,8612.57,70617.01,"2021-11-27","1418-9479-9575-3894"
432,1036,12,2021,60174.11,9026.12,3008.71,4891,77099.93,6017.41,508.71,1885,8411.12,68688.81,"2021-12-28","1418-9479-9575-3894"
433,1037,1,2021,25553.94,3833.09,1277.7,2533,33197.73,2555.39,0.0,962,3517.39,29680.34,"2021-01-26","8072-7400-4744-5917"
434,1037,2,2021,26607.65,3991.15,1330.38,2619,34548.17,2660.76,0.0,1044,3704.76,30843.41,"2021-02-28","8072-7400-4744-5917"
435,1037,3,2021,26654.38,3998.16,1332.72,4747,36732.25,2665.44,0.0,1291,3956.44,32775.82,"2021-03-28","8072-7400-4744-5917"
436,1037,4,2021,25626.71,3844.01,1281.34,4433,35185.05,2562.67,0.0,1687,4249.67,30935.38,"2021-04-27","8072-7400-4744-5917"
437,1037,5,2021,26705.77,4005.87,1335.29,3037,35083.92,2670.58,0.0,1388,4058.58,31025.34,"2021-05-27","8072-7400-4744-5917"
438,1037,6,2021,25978.59,3896.79,1298.93,2433,33607.31,2597.86,0.0,821,3418.86,30188.45,"2021-06-27","8072-7400-4744-5917"
439,1037,7,2021,26597.66,3989.65,1329.88,3158,35075.19,2659.77,0.0,1765,4424.77,30650.42,"2021-07-25","8072-7400-4744-5917"
440,1037,8,2021,25683.51,3852.53,1284.18,4835,35655.21,2568.35,0.0,1097,3665.35,31989.86,"2021-08-28","8072-7400-4744-5917"
441,1037,9,2021,26741.38,4011.21,1337.07,4490,36579.66,2674.14,0.0,673,3347.14,33232.52,"2021-09-25","8072-7400-4744-5917"
442,1037,10,2021,26925.94,4038.89,1346.3,3401,35712.13,2692.59,0.0,645,3337.59,32374.54,"2021-10-25","8072-7400-4744-5917"
443,1037,11,2021,26006.17,3900.93,1300.31,3547,34754.4,2600.62,0.0,836,3436.62,31317.79,"2021-11-27","8072-7400-4744-5917"
444,1037,12,2021,25921.11,3888.17,1296.06,2265,33370.33,2592.11,0.0,1371,3963.11,29407.22,"2021-12-28","8072-7400-4744-5917"
445,1038,1,2021,34162.74,5124.41,1708.14,4496,45491.28,3416.27,0.0,767,4183.27,41308.01,"2021-01-25","8380-8866-1340-9229"
446,1038,2,2021,34402.44,5160.37,1720.12,4531,45813.92,3440.24,0.0,658,4098.24,41715.68,"2021-02-28","8380-8866-1340-9229"
447,1038,3,2021,33456.48,5018.47,1672.82,4523,44670.78,3345.65,0.0,1954,5299.65,39371.13,"2021-03-28","8380-8866-1340-9229"
448,1038,4,2021,34097.91,5114.69,1704.9,3413,44330.49,3409.79,0.0,1143,4552.79,39777.7,"2021-04-25","8380-8866-1340-9229"
449,1038,5,2021,34459.23,5168.88,1722.96,2288,43639.07,3445.92,0.0,812,4257.92,39381.15,"2021-05-27","8380-8866-1340-9229"
450,1038,6,2021,34196.74,5129.51,1709.84,2078,43114.08,3419.67,0.0,788,4207.67,38906.41,"2021-06-28","8380-8866-1340-9229"
451,1038,7,2021,33994.14,5099.12,1699.71,2856,43648.96,3399.41,0.0,1152,4551.41,39097.55,"2021-07-28","8380-8866-1340-9229"
452,1038,8,2021,35141.15,5271.17,1757.06,3804,45973.39,3514.12,0.0,1870,5384.12,40589.27,"2021-08-25","8380-8866-1340-9229"
453,1038,9,2021,35537.6,5330.64,1776.88,4119,46764.12,3553.76,0.0,1351,4904.76,41859.36,"2021-09-27","8380-8866-1340-9229"
454,1038,10,2021,35696.67,5354.5,1784.83,2400,45236.01,3569.67,0.0,1861,5430.67,39805.34,"2021-10-25","8380-8866-1340-9229"
455,1038,11,2021,33838.66,5075.8,1691.93,4006,44612.4,3383.87,0.0,510,3893.87,40718.53,"2021-11-26","8380-8866-1340-9229"
456,1038,12,2021,34614.93,5192.24,1730.75,4845,46382.92,3461.49,0.0,1344,4805.49,41577.43,"2021-12-27","8380-8866-1340-9229"
457,1039,1,2021,17997.56,2699.63,899.88,4265,25862.07,1799.76,0.0,1499,3298.76,22563.31,"2021-01-26","4758-7034-2500-1847"
458,1039,2,2021,17371.22,2605.68,868.56,2961,23806.47,1737.12,0.0,1579,3316.12,20490.35,"2021-02-28","4758-7034-2500-1847"
459,1039,3,2021,19006.0,2850.9,950.3,3760,26567.2,1900.6,0.0,1816,3716.6,22850.6,"2021-03-28","4758-7034-2500-1847"
460,1039,4,2021,18350.18,2752.53,917.51,3077,25097.22,1835.02,0.0,1628,3463.02,21634.2,"2021-04-26","4758-7034-2500-1847"
461,1039,5,2021,17423.28,2613.49,871.16,3111,24018.93,1742.33,0.0,1853,3595.33,20423.6,"2021-05-26","4758-7034-2500-1847"
462,1039,6,2021,19047.7,2857.15,952.38,3601,26458.24,1904.77,0.0,1083,2987.77,23470.47,"2021-06-27","4758-7034-2500-1847"
463,1039,7,2021,19004.14,2850.62,950.21,3268,26072.97,1900.41,0.0,1545,3445.41,22627.55,"2021-07-28","4758-7034-2500-1847"
464,1039,8,2021,17428.54,2614.28,871.43,2236,23150.24,1742.85,0.0,1633,3375.85,19774.39,"2021-08-26","4758-7034-2500-1847"
465,1039,9,2021,17397.01,2609.55,869.85,4848,25724.42,1739.7,0.0,675,2414.7,23309.71,"2021-09-28","4758-7034-2500-1847"
466,1039,10,2021,18613.24,2791.99,930.66,2310,24645.89,1861.32,0.0,1774,3635.32,21010.56,"2021-10-28","4758-7034-2500-1847"
467,1039,11,2021,18430.61,2764.59,921.53,2991,25107.73,1843.06,0.0,1124,2967.06,22140.67,"2021-11-28","4758-7034-2500-1847"
468,1039,12,2021,18963.77,2844.57,948.19,2038,24794.52,1896.38,0.0,1204,3100.38,21694.15,"2021-12-25","4758-7034-2500-1847"
469,1040,1,2021,32123.43,4818.51,1606.17,2911,41459.12,3212.34,0.0,1137,4349.34,37109.77,"2021-01-27","3409-2975-5182-2242"
470,1040,2,2021,33148.49,4972.27,1657.42,2818,42596.19,3314.85,0.0,1206,4520.85,38075.34,"2021-02-28","3409-2975-5182-2242"
471,1040,3,2021,32541.0,4881.15,1627.05,3085,42134.21,3254.1,0.0,1099,4353.1,37781.1,"2021-03-25","3409-2975-5182-2242"
472,1040,4,2021,31866.24,4779.94,1593.31,3259,41498.48,3186.62,0.0,1101,4287.62,37210.86,"2021-04-26","3409-2975-5182-2242"
473,1040,5,2021,33733.68,5060.05,1686.68,3864,44344.41,3373.37,0.0,806,4179.37,40165.05,"2021-05-28","3409-2975-5182-2242"
474,1040,6,2021,31947.93,4792.19,1597.4,2597,40934.51,3194.79,0.0,1438,4632.79,36301.72,"2021-06-26","3409-2975-5182-2242"
475,1040,7,2021,33309.28,4996.39,1665.46,3104,43075.14,3330.93,0.0,568,3898.93,39176.21,"2021-07-28","3409-2975-5182-2242"
476,1040,8,2021,32423.39,4863.51,1621.17,2008,40916.07,3242.34,0.0,1584,4826.34,36089.73,"2021-08-26","3409-2975-5182-2242"
477,1040,9,2021,31885.57,4782.84,1594.28,2656,40918.69,3188.56,0.0,851,4039.56,36879.13,"2021-09-25","3409-2975-5182-2242"
478,1040,10,2021,33515.63,5027.34,1675.78,4040,44258.76,3351.56,0.0,1379,4730.56,39528.2,"2021-10-25","3409-2975-5182-2242"
479,1040,11,2021,33949.61,5092.44,1697.48,3737,44476.54,3394.96,0.0,1386,4780.96,39695.58,"2021-11-26","3409-2975-5182-2242"
480,1040,12,2021,32719.47,4907.92,1635.97,2845,42108.36,3271.95,0.0,1099,4370.95,37737.42,"2021-12-28","3409-2975-5182-2242"
481,1041,1,2021,69018.2,10352.73,3450.91,4142,86963.84,6901.82,950.91,1274,9126.73,77837.11,"2021-01-27","4019-1166-1812-3837"
482,1041,2,2021,72405.12,10860.77,3620.26,2915,89801.14,7240.51,1120.26,1806,10166.77,79634.37,"2021-02-25","4019-1166-1812-3837"
483,1041,3,2021,67048.69,10057.3,3352.43,2197,82655.43,6704.87,852.43,1804,9361.3,73294.13,"2021-03-25","4019-1166-1812-3837"
484,1041,4,2021,72912.8,10936.92,3645.64,3917,91412.36,7291.28,1145.64,1300,9736.92,81675.44,"2021-04-26","4019-1166-1812-3837"
485,1041,5,2021,69749.55,10462.43,3487.48,3610,87309.46,6974.96,987.48,582,8544.43,78765.03,"2021-05-25","4019-1166-1812-3837"
486,1041,6,2021,67679.99,10152.0,3384.0,4700,85915.99,6768.0,884.0,1787,9439.0,76476.99,"2021-06-25","4019-1166-1812-3837"
487,1041,7,2021,71725.1,10758.77,3586.26,4283,90353.12,7172.51,1086.26,610,8868.77,81484.36,"2021-07-28","4019-1166-1812-3837"
488,1041,8,2021,73601.8,11040.27,3680.09,4818,93140.16,7360.18,1180.09,800,9340.27,83799.89,"2021-08-25","4019-1166-1812-3837"
489,1041,9,2021,73158.66,10973.8,3657.93,2845,90635.39,7315.87,1157.93,1141,9614.8,81020.59,"2021-09-27","4019-1166-1812-3837"
490,1041,10,2021,72994.21,10949.13,3649.71,2157,89750.05,7299.42,1149.71,981,9430.13,80319.92,"2021-10-28","4019-1166-1812-3837"
491,1041,11,2021,67635.53,10145.33,3381.78,3663,84825.64,6763.55,881.78,1768,9413.33,75412.31,"2021-11-25","4019-1166-1812-3837"
492,1041,12,2021,73979.22,11096.88,3698.96,3684,92459.07,7397.92,1198.96,890,9486.88,82972.19,"2021-12-27","4019-1166-1812-3837"
493,1042,1,2021,26906.44,4035.97,1345.32,4005,36292.73,2690.64,0.0,1610,4300.64,31992.09,"2021-01-26","6691-5702-3635-5514"
494,1042,2,2021,27838.99,4175.85,1391.95,2693,36099.79,2783.9,0.0,1467,4250.9,31848.89,"2021-02-28","6691-5702-3635-5514"
495,1042,3,2021,26436.96,3965.54,1321.85,4100,35824.36,2643.7,0.0,1454,4097.7,31726.66,"2021-03-26","6691-5702-3635-5514"
496,1042,4,2021,25719.44,3857.92,1285.97,2928,33791.33,2571.94,0.0,1366,3937.94,29853.38,"2021-04-25","6691-5702-3635-5514"
497,1042,5,2021,25859.25,3878.89,1292.96,4992,36023.1,2585.93,0.0,908,3493.93,32529.18,"2021-05-27","6691-5702-3635-5514"
498,1042,6,2021,26358.45,3953.77,1317.92,4711,36341.14,2635.85,0.0,786,3421.85,32919.3,"2021-06-25","6691-5702-3635-5514"
499,1042,7,2021,27305.54,4095.83,1365.28,3062,35828.64,2730.55,0.0,1921,4651.55,31177.09,"2021-07-27","6691-5702-3635-5514"
500,1042,8,2021,26073.91,3911.09,1303.7,4624,35912.7,2607.39,0.0,1584,4191.39,31721.31,"2021-08-26","6691-5702-3635-5514"
501,1042,9,2021,25865.36,3879.8,1293.27,3193,34231.43,2586.54,0.0,908,3494.54,30736.9,"2021-09-28","6691-5702-3635-5514"
502,1042,10,2021,27782.41,4167.36,1389.12,4006,37344.9,2778.24,0.0,1992,4770.24,32574.66,"2021-10-26","6691-5702-3635-5514"
503,1042,11,2021,27023.61,4053.54,1351.18,4280,36708.34,2702.36,0.0,1150,3852.36,32855.98,"2021-11-28","6691-5702-3635-5514"
504,1042,12,2021,25461.06,3819.16,1273.05,4138,34691.27,2546.11,0.0,1900,4446.11,30245.16,"2021-12-28","6691-5702-3635-5514"
505,1043,1,2021,78365.09,11754.76,3918.25,4033,98071.11,7836.51,1418.25,1918,11172.76,86898.35,"2021-01-26","4930-1243-8818-9246"
506,1043,2,2021,78560.35,11784.05,3928.02,3750,98022.42,7856.03,1428.02,670,9954.05,88068.37,"2021-02-28","4930-1243-8818-9246"
507,1043,3,2021,74262.38,11139.36,3713.12,4983,94097.85,7426.24,1213.12,1214,9853.36,84244.5,"2021-03-28","4930-1243-8818-9246"
508,1043,4,2021,73945.23,11091.78,3697.26,2198,90932.27,7394.52,1197.26,1115,9706.78,81225.49,"2021-04-25","4930-1243-8818-9246"
509,1043,5,2021,77591.43,11638.71,3879.57,4830,97939.71,7759.14,1379.57,1029,10167.71,87772.0,"2021-05-26","4930-1243-8818-9246"
510,1043,6,2021,78068.99,11710.35,3903.45,2651,96333.78,7806.9,1403.45,1874,11084.35,85249.44,"2021-06-27","4930-1243-8818-9246"
511,1043,7,2021,76229.8,11434.47,3811.49,4027,95502.76,7622.98,1311.49,514,9448.47,86054.29,"2021-07-25","4930-1243-8818-9246"
512,1043,8,2021,75555.75,11333.36,3777.79,4948,95614.9,7555.57,1277.79,560,9393.36,86221.54,"2021-08-28","4930-1243-8818-9246"
513,1043,9,2021,74241.24,11136.19,3712.06,4797,93886.49,7424.12,1212.06,1288,9924.19,83962.3,"2021-09-28","4930-1243-8818-9246"
514,1043,10,2021,73090.61,10963.59,3654.53,4114,91822.74,7309.06,1154.53,1288,9751.59,82071.14,"2021-10-25","4930-1243-8818-9246"
515,1043,11,2021,74428.47,11164.27,3721.42,3455,92769.17,7442.85,1221.42,1897,10561.27,82207.9,"2021-11-28","4930-1243-8818-9246"
516,1043,12,2021,75995.82,11399.37,3799.79,4849,96043.99,7599.58,1299.79,1384,10283.37,85760.61,"2021-12-28","4930-1243-8818-9246"
517,1044,1,2021,85038.27,12755.74,4251.91,4092,106137.93,8503.83,1751.91,1909,12164.74,93973.19,"2021-01-25","5985-4219-6851-6187"
518,1044,2,2021,79724.91,11958.74,3986.25,3244,98913.9,7972.49,1486.25,524,9982.74,88931.16,"2021-02-26","5985-4219-6851-6187"
519,1044,3,2021,82454.1,12368.11,4122.7,3755,102699.92,8245.41,1622.7,656,10524.11,92175.8,"2021-03-26","5985-4219-6851-6187"
520,1044,4,2021,79709.48,11956.42,3985.47,2288,97939.38,7970.95,1485.47,1488,10944.42,86994.96,"2021-04-28","5985-4219-6851-6187"
521,1044,5,2021,85852.06,12877.81,4292.6,4953,107975.47,8585.21,1792.6,1353,11730.81,96244.66,"2021-05-26","5985-4219-6851-6187"
522,1044,6,2021,82902.73,12435.41,4145.14,3192,102675.28,8290.27,1645.14,1422,11357.41,91317.87,"2021-06-28","5985-4219-6851-6187"
523,1044,7,2021,79282.51,11892.38,3964.13,4085,99224.01,7928.25,1464.13,734,10126.38,89097.63,"2021-07-26","5985-4219-6851-6187"
524,1044,8,2021,78933.16,11839.97,3946.66,3496,98215.8,7893.32,1446.66,556,9895.97,88319.82,"2021-08-25","5985-4219-6851-6187"
525,1044,9,2021,85151.31,12772.7,4257.57,3686,105867.57,8515.13,1757.57,1966,12238.7,93628.88,"2021-09-27","5985-4219-6851-6187"
526,1044,10,2021,82403.25,12360.49,4120.16,2564,101447.9,8240.33,1620.16,1557,11417.49,90030.41,"2021-10-25","5985-4219-6851-6187"
527,1044,11,2021,80298.13,12044.72,4014.91,4818,101175.76,8029.81,1514.91,1646,11190.72,89985.04,"2021-11-26","5985-4219-6851-6187"
528,1044,12,2021,86502.33,12975.35,4325.12,3351,107153.8,8650.23,1825.12,1446,11921.35,95232.45,"2021-12-28","5985-4219-6851-6187"
529,1045,1,2021,22174.12,3326.12,1108.71,4847,31455.94,2217.41,0.0,1990,4207.41,27248.53,"2021-01-27","6676-9062-1224-4898"
530,1045,2,2021,23413.53,3512.03,1170.68,3130,31226.24,2341.35,0.0,1625,3966.35,27259.89,"2021-02-25","6676-9062-1224-4898"
531,1045,3,2021,23716.18,3557.43,1185.81,4124,32583.41,2371.62,0.0,1139,3510.62,29072.79,"2021-03-27","6676-9062-1224-4898"
532,1045,4,2021,23772.41,3565.86,1188.62,3425,31951.89,2377.24,0.0,1363,3740.24,28211.65,"2021-04-25","6676-9062-1224-4898"
533,1045,5,2021,22223.27,3333.49,1111.16,3198,29865.92,2222.33,0.0,549,2771.33,27094.59,"2021-05-27","6676-9062-1224-4898"
534,1045,6,2021,23221.52,3483.23,1161.08,2421,30286.82,2322.15,0.0,1264,3586.15,26700.67,"2021-06-27","6676-9062-1224-4898"
535,1045,7,2021,22086.24,3312.94,1104.31,2509,29012.49,2208.62,0.0,1125,3333.62,25678.86,"2021-07-26","6676-9062-1224-4898"
536,1045,8,2021,24254.41,3638.16,1212.72,4995,34100.29,2425.44,0.0,1730,4155.44,29944.85,"2021-08-28","6676-9062-1224-4898"
537,1045,9,2021,22986.33,3447.95,1149.32,4509,32092.59,2298.63,0.0,1412,3710.63,28381.96,"2021-09-25","6676-9062-1224-4898"
538,1045,10,2021,23771.06,3565.66,1188.55,3570,32095.27,2377.11,0.0,885,3262.11,28833.17,"2021-10-28","6676-9062-1224-4898"
539,1045,11,2021,22986.67,3448.0,1149.33,4376,31960.01,2298.67,0.0,880,3178.67,28781.34,"2021-11-27","6676-9062-1224-4898"
540,1045,12,2021,23165.22,3474.78,1158.26,4212,32010.27,2316.52,0.0,1459,3775.52,28234.74,"2021-12-27","6676-9062-1224-4898"
541,1046,1,2021,38396.46,5759.47,1919.82,4521,50596.76,3839.65,0.0,1032,4871.65,45725.11,"2021-01-27","2882-3013-2463-7799"
542,1046,2,2021,40305.31,6045.8,2015.27,4453,52819.37,4030.53,0.0,1661,5691.53,47127.84,"2021-02-28","2882-3013-2463-7799"
543,1046,3,2021,41064.35,6159.65,2053.22,3978,53255.22,4106.44,0.0,1778,5884.44,47370.79,"2021-03-26","2882-3013-2463-7799"
544,1046,4,2021,40362.71,6054.41,2018.14,3608,52043.26,4036.27,0.0,841,4877.27,47165.98,"2021-04-25","2882-3013-2463-7799"
545,1046,5,2021,39909.88,5986.48,1995.49,4138,52029.86,3990.99,0.0,1433,5423.99,46605.87,"2021-05-25","2882-3013-2463-7799"
546,1046,6,2021,41239.3,6185.9,2061.97,4766,54253.16,4123.93,0.0,1239,5362.93,48890.23,"2021-06-26","2882-3013-2463-7799"
547,1046,7,2021,39590.03,5938.5,1979.5,4482,51990.04,3959.0,0.0,1122,5081.0,46909.03,"2021-07-25","2882-3013-2463-7799"
548,1046,8,2021,40784.28,6117.64,2039.21,2367,51308.14,4078.43,0.0,749,4827.43,46480.71,"2021-08-28","2882-3013-2463-7799"
549,1046,9,2021,38770.85,5815.63,1938.54,4344,50869.02,3877.09,0.0,1470,5347.09,45521.94,"2021-09-28","2882-3013-2463-7799"
550,1046,10,2021,38560.09,5784.01,1928.0,2781,49053.11,3856.01,0.0,1120,4976.01,44077.1,"2021-10-25","2882-3013-2463-7799"
551,1046,11,2021,41946.46,6291.97,2097.32,2885,53220.76,4194.65,0.0,1980,6174.65,47046.11,"2021-11-25","2882-3013-2463-7799"
552,1046,12,2021,40004.7,6000.7,2000.23,4760,52765.64,4000.47,0.0,632,4632.47,48133.17,"2021-12-27","2882-3013-2463-7799"
553,1047,1,2021,27498.03,4124.7,1374.9,4198,37195.63,2749.8,0.0,1849,4598.8,32596.83,"2021-01-25","9644-7636-3860-4859"
554,1047,2,2021,28543.25,4281.49,1427.16,4653,38904.91,2854.33,0.0,825,3679.33,35225.58,"2021-02-28","9644-7636-3860-4859"
555,1047,3,2021,30008.68,4501.3,1500.43,2680,38690.42,3000.87,0.0,626,3626.87,35063.55,"2021-03-26","9644-7636-3860-4859"
556,1047,4,2021,28979.99,4347.0,1449.0,3880,38655.99,2898.0,0.0,1040,3938.0,34717.99,"2021-04-27","9644-7636-3860-4859"
557,1047,5,2021,28616.13,4292.42,1430.81,2495,36834.36,2861.61,0.0,553,3414.61,33419.75,"2021-05-27","9644-7636-3860-4859"
558,1047,6,2021,28437.77,4265.67,1421.89,3556,37681.33,2843.78,0.0,1691,4534.78,33146.55,"2021-06-26","9644-7636-3860-4859"
559,1047,7,2021,29068.89,4360.33,1453.44,4240,39122.67,2906.89,0.0,611,3517.89,35604.78,"2021-07-26","9644-7636-3860-4859"
560,1047,8,2021,28537.96,4280.69,1426.9,4753,38998.56,2853.8,0.0,529,3382.8,35615.76,"2021-08-27","9644-7636-3860-4859"
561,1047,9,2021,28785.54,4317.83,1439.28,4433,38975.64,2878.55,0.0,875,3753.55,35222.09,"2021-09-28","9644-7636-3860-4859"
562,1047,10,2021,28823.43,4323.51,1441.17,3730,38318.12,2882.34,0.0,711,3593.34,34724.77,"2021-10-26","9644-7636-3860-4859"
563,1047,11,2021,29013.53,4352.03,1450.68,2354,37170.23,2901.35,0.0,1700,4601.35,32568.88,"2021-11-25","9644-7636-3860-4859"
564,1047,12,2021,27793.46,4169.02,1389.67,3903,37255.15,2779.35,0.0,1175,3954.35,33300.8,"2021-12-27","9644-7636-3860-4859"
565,1048,1,2021,32517.24,4877.59,1625.86,4051,43071.69,3251.72,0.0,1738,4989.72,38081.97,"2021-01-28","8913-1679-9038-8752"
566,1048,2,2021,33864.92,5079.74,1693.25,3837,44474.91,3386.49,0.0,1712,5098.49,39376.42,"2021-02-28","8913-1679-9038-8752"
567,1048,3,2021,33254.15,4988.12,1662.71,2709,42613.98,3325.42,0.0,896,4221.42,38392.57,"2021-03-27","8913-1679-9038-8752"
568,1048,4,2021,34531.48,5179.72,1726.57,3638,45075.78,3453.15,0.0,904,4357.15,40718.63,"2021-04-26","8913-1679-9038-8752"
569,1048,5,2021,31794.0,4769.1,1589.7,3923,42075.8,3179.4,0.0,1722,4901.4,37174.4,"2021-05-27","8913-1679-9038-8752"
570,1048,6,2021,33796.11,5069.42,1689.81,2162,42717.33,3379.61,0.0,1487,4866.61,37850.72,"2021-06-27","8913-1679-9038-8752"
571,1048,7,2021,31784.68,4767.7,1589.23,3457,41598.62,3178.47,0.0,936,4114.47,37484.15,"2021-07-28","8913-1679-9038-8752"
572,1048,8,2021,33668.99,5050.35,1683.45,2921,43323.79,3366.9,0.0,1000,4366.9,38956.89,"2021-08-28","8913-1679-9038-8752"
573,1048,9,2021,32734.87,4910.23,1636.74,2976,42257.84,3273.49,0.0,513,3786.49,38471.36,"2021-09-28","8913-1679-9038-8752"
574,1048,10,2021,32497.0,4874.55,1624.85,2577,41573.39,3249.7,0.0,1771,5020.7,36552.69,"2021-10-28","8913-1679-9038-8752"
575,1048,11,2021,33964.47,5094.67,1698.22,4789,45546.36,3396.45,0.0,597,3993.45,41552.91,"2021-11-27","8913-1679-9038-8752"
576,1048,12,2021,31812.75,4771.91,1590.64,2074,40249.31,3181.28,0.0,1970,5151.28,35098.03,"2021-12-27","8913-1679-9038-8752"
577,1049,1,2021,23230.24,3484.54,1161.51,3796,31672.29,2323.02,0.0,1519,3842.02,27830.26,"2021-01-28","3745-2589-6348-3745"
578,1049,2,2021,23405.75,3510.86,1170.29,2966,31052.9,2340.57,0.0,1453,3793.57,27259.32,"2021-02-25","3745-2589-6348-3745"
579,1049,3,2021,23454.82,3518.22,1172.74,2601,30746.78,2345.48,0.0,1663,4008.48,26738.3,"2021-03-26","3745-2589-6348-3745"
580,1049,4,2021,24173.01,3625.95,1208.65,4164,33171.62,2417.3,0.0,1184,3601.3,29570.31,"2021-04-26","3745-2589-6348-3745"
581,1049,5,2021,22648.72,3397.31,1132.44,4129,31307.46,2264.87,0.0,1425,3689.87,27617.59,"2021-05-25","3745-2589-6348-3745"
582,1049,6,2021,23496.56,3524.48,1174.83,3562,31757.87,2349.66,0.0,1968,4317.66,27440.21,"2021-06-27","3745-2589-6348-3745"
583,1049,7,2021,23240.33,3486.05,1162.02,3179,31067.4,2324.03,0.0,1384,3708.03,27359.36,"2021-07-25","3745-2589-6348-3745"
584,1049,8,2021,23627.61,3544.14,1181.38,2439,30792.13,2362.76,0.0,844,3206.76,27585.37,"2021-08-26","3745-2589-6348-3745"
585,1049,9,2021,23069.53,3460.43,1153.48,4378,32061.44,2306.95,0.0,1087,3393.95,28667.48,"2021-09-28","3745-2589-6348-3745"
586,1049,10,2021,22242.6,3336.39,1112.13,3516,30207.12,2224.26,0.0,605,2829.26,27377.86,"2021-10-26","3745-2589-6348-3745"
587,1049,11,2021,24233.62,3635.04,1211.68,3119,32199.35,2423.36,0.0,881,3304.36,28894.98,"2021-11-26","3745-2589-6348-3745"
588,1049,12,2021,22208.55,3331.28,1110.43,4624,31274.26,2220.85,0.0,1986,4206.85,27067.4,"2021-12-28","3745-2589-6348-3745"
589,1050,1,2021,34378.75,5156.81,1718.94,4480,45734.5,3437.87,0.0,1128,4565.87,41168.62,"2021-01-28","7448-4133-2911-6098"
590,1050,2,2021,32633.36,4895.0,1631.67,3092,42252.04,3263.34,0.0,1982,5245.34,37006.7,"2021-02-25","7448-4133-2911-6098"
591,1050,3,2021,34013.6,5102.04,1700.68,3748,44564.32,3401.36,0.0,1839,5240.36,39323.96,"2021-03-26","7448-4133-2911-6098"
592,1050,4,2021,34808.28,5221.24,1740.41,2727,44496.93,3480.83,0.0,1918,5398.83,39098.1,"2021-04-26","7448-4133-2911-6098"
593,1050,5,2021,34871.35,5230.7,1743.57,2803,44648.62,3487.14,0.0,1456,4943.14,39705.49,"2021-05-26","7448-4133-2911-6098"
594,1050,6,2021,34511.45,5176.72,1725.57,3908,45321.75,3451.15,0.0,1822,5273.15,40048.6,"2021-06-28","7448-4133-2911-6098"
595,1050,7,2021,35603.43,5340.51,1780.17,3544,46268.12,3560.34,0.0,656,4216.34,42051.77,"2021-07-28","7448-4133-2911-6098"
596,1050,8,2021,34367.67,5155.15,1718.38,2272,43513.21,3436.77,0.0,915,4351.77,39161.44,"2021-08-25","7448-4133-2911-6098"
597,1050,9,2021,35201.13,5280.17,1760.06,3444,45685.35,3520.11,0.0,1353,4873.11,40812.24,"2021-09-28","7448-4133-2911-6098"
598,1050,10,2021,32472.33,4870.85,1623.62,3794,42760.8,3247.23,0.0,578,3825.23,38935.57,"2021-10-28","7448-4133-2911-6098"
599,1050,11,2021,32791.07,4918.66,1639.55,3199,42548.28,3279.11,0.0,1176,4455.11,38093.17,"2021-11-26","7448-4133-2911-6098"
600,1050,12,2021,33781.5,5067.22,1689.07,4372,44909.8,3378.15,0.0,1153,4531.15,40378.65,"2021-12-28","7448-4133-2911-6098"
601,1051,1,2021,29393.59,4409.04,1469.68,4733,40005.31,2939.36,0.0,525,3464.36,36540.95,"2021-01-26","1833-6601-4682-2876"
602,1051,2,2021,28288.35,4243.25,1414.42,3480,37426.02,2828.83,0.0,873,3701.83,33724.18,"2021-02-27","1833-6601-4682-2876"
603,1051,3,2021,30196.69,4529.5,1509.83,3172,39408.03,3019.67,0.0,1004,4023.67,35384.36,"2021-03-27","1833-6601-4682-2876"
604,1051,4,2021,29726.21,4458.93,1486.31,2474,38145.45,2972.62,0.0,586,3558.62,34586.83,"2021-04-27","1833-6601-4682-2876"
605,1051,5,2021,28099.24,4214.89,1404.96,4211,37930.09,2809.92,0.0,1318,4127.92,33802.17,"2021-05-27","1833-6601-4682-2876"
606,1051,6,2021,29505.73,4425.86,1475.29,2452,37858.87,2950.57,0.0,1313,4263.57,33595.3,"2021-06-27","1833-6601-4682-2876"
607,1051,7,2021,29065.64,4359.85,1453.28,4037,38915.77,2906.56,0.0,1250,4156.56,34759.2,"2021-07-28","1833-6601-4682-2876"
608,1051,8,2021,29229.65,4384.45,1461.48,3841,38916.57,2922.96,0.0,548,3470.96,35445.61,"2021-08-26","1833-6601-4682-2876"
609,1051,9,2021,29510.94,4426.64,1475.55,4743,40156.13,2951.09,0.0,1733,4684.09,35472.04,"2021-09-26","1833-6601-4682-2876"
610,1051,10,2021,30547.72,4582.16,1527.39,2999,39656.27,3054.77,0.0,1838,4892.77,34763.49,"2021-10-26","1833-6601-4682-2876"
611,1051,11,2021,28248.25,4237.24,1412.41,4782,38679.9,2824.82,0.0,669,3493.82,35186.07,"2021-11-28","1833-6601-4682-2876"
612,1051,12,2021,30014.98,4502.25,1500.75,3020,39037.98,3001.5,0.0,507,3508.5,35529.48,"2021-12-27","1833-6601-4682-2876"
613,1052,1,2021,65950.39,9892.56,3297.52,4527,83667.46,6595.04,797.52,927,8319.56,75347.9,"2021-01-27","9121-2446-4352-3280"
614,1052,2,2021,69983.53,10497.53,3499.18,2839,86819.23,6998.35,999.18,749,8746.53,78072.71,"2021-02-26","9121-2446-4352-3280"
615,1052,3,2021,71133.0,10669.95,3556.65,4402,89761.59,7113.3,1056.65,1253,9422.95,80338.65,"2021-03-27","9121-2446-4352-3280"
616,1052,4,2021,70953.67,10643.05,3547.68,4246,89390.4,7095.37,1047.68,1271,9414.05,79976.35,"2021-04-28","9121-2446-4352-3280"
617,1052,5,2021,64909.41,9736.41,3245.47,2629,80520.29,6490.94,745.47,1655,8891.41,71628.88,"2021-05-28","9121-2446-4352-3280"
618,1052,6,2021,64563.89,9684.58,3228.19,4022,81498.67,6456.39,728.19,918,8102.58,73396.08,"2021-06-26","9121-2446-4352-3280"
619,1052,7,2021,64583.76,9687.56,3229.19,2550,80050.51,6458.38,729.19,1615,8802.56,71247.95,"2021-07-26","9121-2446-4352-3280"
620,1052,8,2021,70425.65,10563.85,3521.28,4488,88998.78,7042.57,1021.28,1332,9395.85,79602.94,"2021-08-26","9121-2446-4352-3280"
621,1052,9,2021,66334.4,9950.16,3316.72,2013,81614.28,6633.44,816.72,542,7992.16,73622.12,"2021-09-27","9121-2446-4352-3280"
622,1052,10,2021,65240.96,9786.14,3262.05,3971,82260.15,6524.1,762.05,1204,8490.14,73770.01,"2021-10-28","9121-2446-4352-3280"
623,1052,11,2021,66022.64,9903.4,3301.13,4174,83401.17,6602.26,801.13,1377,8780.4,74620.78,"2021-11-26","9121-2446-4352-3280"
624,1052,12,2021,68546.92,10282.04,3427.35,2491,84747.3,6854.69,927.35,882,8664.04,76083.26,"2021-12-25","9121-2446-4352-3280"
625,1053,1,2021,21767.3,3265.1,1088.37,3228,29348.76,2176.73,0.0,1212,3388.73,25960.03,"2021-01-28","9563-2330-1982-3689"
626,1053,2,2021,21183.69,3177.55,1059.18,2927,28347.43,2118.37,0.0,1346,3464.37,24883.06,"2021-02-25","9563-2330-1982-3689"
627,1053,3,2021,21572.48,3235.87,1078.62,4037,29923.98,2157.25,0.0,1239,3396.25,26527.73,"2021-03-25","9563-2330-1982-3689"
628,1053,4,2021,21699.4,3254.91,1084.97,3806,29845.28,2169.94,0.0,1319,3488.94,26356.34,"2021-04-27","9563-2330-1982-3689"
629,1053,5,2021,21647.48,3247.12,1082.37,2479,28455.97,2164.75,0.0,1071,3235.75,25220.22,"2021-05-28","9563-2330-1982-3689"
630,1053,6,2021,20604.86,3090.73,1030.24,4225,28950.83,2060.49,0.0,1256,3316.49,25634.35,"2021-06-27","9563-2330-1982-3689"
631,1053,7,2021,21006.36,3150.95,1050.32,2101,27308.64,2100.64,0.0,1365,3465.64,23843.0,"2021-07-28","9563-2330-1982-3689"
632,1053,8,2021,22647.51,3397.13,1132.38,4344,31521.02,2264.75,0.0,1492,3756.75,27764.26,"2021-08-27","9563-2330-1982-3689"
633,1053,9,2021,21944.28,3291.64,1097.21,4590,30923.14,2194.43,0.0,1941,4135.43,26787.71,"2021-09-28","9563-2330-1982-3689"
634,1053,10,2021,22582.24,3387.34,1129.11,3967,31065.69,2258.22,0.0,679,2937.22,28128.46,"2021-10-26","9563-2330-1982-3689"
635,1053,11,2021,22436.07,3365.41,1121.8,3324,30247.28,2243.61,0.0,608,2851.61,27395.67,"2021-11-26","9563-2330-1982-3689"
636,1053,12,2021,22348.27,3352.24,1117.41,3142,29959.93,2234.83,0.0,1964,4198.83,25761.1,"2021-12-26","9563-2330-1982-3689"
637,1054,1,2021,26682.67,4002.4,1334.13,3809,35828.2,2668.27,0.0,1925,4593.27,31234.93,"2021-01-26","7578-8181-6855-9807"
638,1054,2,2021,24673.33,3701.0,1233.67,3639,33246.99,2467.33,0.0,858,3325.33,29921.66,"2021-02-28","7578-8181-6855-9807"
639,1054,3,2021,24367.49,3655.12,1218.37,3302,32542.99,2436.75,0.0,1556,3992.75,28550.24,"2021-03-25","7578-8181-6855-9807"
640,1054,4,2021,24796.13,3719.42,1239.81,3373,33128.36,2479.61,0.0,962,3441.61,29686.75,"2021-04-28","7578-8181-6855-9807"
641,1054,5,2021,24491.5,3673.73,1224.58,2453,31842.8,2449.15,0.0,1666,4115.15,27727.65,"2021-05-27","7578-8181-6855-9807"
642,1054,6,2021,24456.37,3668.46,1222.82,2034,31381.64,2445.64,0.0,1639,4084.64,27297.01,"2021-06-28","7578-8181-6855-9807"
643,1054,7,2021,26605.28,3990.79,1330.26,3192,35118.33,2660.53,0.0,1370,4030.53,31087.8,"2021-07-25","7578-8181-6855-9807"
644,1054,8,2021,26129.55,3919.43,1306.48,4989,36344.46,2612.95,0.0,1822,4434.95,31909.5,"2021-08-27","7578-8181-6855-9807"
645,1054,9,2021,26514.27,3977.14,1325.71,4499,36316.12,2651.43,0.0,1711,4362.43,31953.7,"2021-09-26","7578-8181-6855-9807"
646,1054,10,2021,26181.23,3927.18,1309.06,4754,36171.48,2618.12,0.0,1443,4061.12,32110.35,"2021-10-26","7578-8181-6855-9807"
647,1054,11,2021,25494.88,3824.23,1274.74,3853,34446.86,2549.49,0.0,1606,4155.49,30291.37,"2021-11-25","7578-8181-6855-9807"
648,1054,12,2021,26317.83,3947.67,1315.89,2661,34242.4,2631.78,0.0,1175,3806.78,30435.61,"2021-12-26","7578-8181-6855-9807"
649,1055,1,2021,66057.42,9908.61,3302.87,2594,81862.9,6605.74,802.87,746,8154.61,73708.29,"2021-01-26","7469-6094-3074-4755"
650,1055,2,2021,72080.47,10812.07,3604.02,4919,91415.56,7208.05,1104.02,1573,9885.07,81530.49,"2021-02-25","7469-6094-3074-4755"
651,1055,3,2021,70931.39,10639.71,3546.57,2535,87652.67,7093.14,1046.57,692,8831.71,78820.96,"2021-03-26","7469-6094-3074-4755"
652,1055,4,2021,69569.92,10435.49,3478.5,3068,86551.9,6956.99,978.5,1853,9788.49,76763.42,"2021-04-27","7469-6094-3074-4755"
653,1055,5,2021,66480.33,9972.05,3324.02,3065,82841.4,6648.03,824.02,1388,8860.05,73981.35,"2021-05-27","7469-6094-3074-4755"
654,1055,6,2021,72308.34,10846.25,3615.42,2409,89179.01,7230.83,1115.42,1476,9822.25,79356.76,"2021-06-25","7469-6094-3074-4755"
655,1055,7,2021,67366.76,10105.01,3368.34,2001,82841.12,6736.68,868.34,731,8336.01,74505.1,"2021-07-26","7469-6094-3074-4755"
656,1055,8,2021,67524.11,10128.62,3376.21,2383,83411.94,6752.41,876.21,1960,9588.62,73823.32,"2021-08-26","7469-6094-3074-4755"
657,1055,9,2021,68047.54,10207.13,3402.38,3711,85368.05,6804.75,902.38,718,8425.13,76942.92,"2021-09-28","7469-6094-3074-4755"
658,1055,10,2021,72386.01,10857.9,3619.3,2708,89571.22,7238.6,1119.3,1654,10011.9,79559.31,"2021-10-25","7469-6094-3074-4755"
659,1055,11,2021,68220.4,10233.06,3411.02,2015,83879.49,6822.04,911.02,1430,9163.06,74716.43,"2021-11-27","7469-6094-3074-4755"
660,1055,12,2021,69104.84,10365.73,3455.24,2644,85569.8,6910.48,955.24,1822,9687.73,75882.08,"2021-12-25","7469-6094-3074-4755"
661,1058,1,2021,29392.56,4408.88,1469.63,3308,38579.08,2939.26,0.0,1472,4411.26,34167.82,"2021-01-25","7773-2577-1867-7482"
662,1058,2,2021,31512.32,4726.85,1575.62,4415,42229.78,3151.23,0.0,1941,5092.23,37137.55,"2021-02-26","7773-2577-1867-7482"
663,1058,3,2021,30153.48,4523.02,1507.67,4834,41018.18,3015.35,0.0,569,3584.35,37433.83,"2021-03-26","7773-2577-1867-7482"
664,1058,4,2021,29319.6,4397.94,1465.98,4580,39763.52,2931.96,0.0,1741,4672.96,35090.56,"2021-04-26","7773-2577-1867-7482"
665,1058,5,2021,29882.03,4482.31,1494.1,2541,38399.44,2988.2,0.0,1219,4207.2,34192.24,"2021-05-25","7773-2577-1867-7482"
666,1058,6,2021,30216.4,4532.46,1510.82,2512,38771.67,3021.64,0.0,1628,4649.64,34122.03,"2021-06-28","7773-2577-1867-7482"
667,1058,7,2021,30967.67,4645.15,1548.38,4544,41705.21,3096.77,0.0,1358,4454.77,37250.44,"2021-07-26","7773-2577-1867-7482"
668,1058,8,2021,31177.95,4676.69,1558.9,2648,40061.54,3117.8,0.0,1085,4202.8,35858.75,"2021-08-27","7773-2577-1867-7482"
669,1058,9,2021,29300.92,4395.14,1465.05,4164,39325.11,2930.09,0.0,1617,4547.09,34778.02,"2021-09-25","7773-2577-1867-7482"
670,1058,10,2021,30185.38,4527.81,1509.27,2617,38839.46,3018.54,0.0,1465,4483.54,34355.92,"2021-10-26","7773-2577-1867-7482"
671,1058,11,2021,29816.89,4472.53,1490.84,4566,40346.27,2981.69,0.0,1637,4618.69,35727.58,"2021-11-27","7773-2577-1867-7482"
672,1058,12,2021,30028.95,4504.34,1501.45,2100,38134.74,3002.89,0.0,1973,4975.89,33158.84,"2021-12-27","7773-2577-1867-7482"
673,1059,1,2021,19424.95,2913.74,971.25,3687,26996.94,1942.49,0.0,972,2914.49,24082.44,"2021-01-27","1267-2975-9570-8180"
674,1059,2,2021,19053.42,2858.01,952.67,3851,26715.1,1905.34,0.0,599,2504.34,24210.76,"2021-02-28","1267-2975-9570-8180"
675,1059,3,2021,19091.26,2863.69,954.56,2631,25540.51,1909.13,0.0,621,2530.13,23010.39,"2021-03-28","1267-2975-9570-8180"
676,1059,4,2021,20255.01,3038.25,1012.75,3183,27489.01,2025.5,0.0,1910,3935.5,23553.51,"2021-04-28","1267-2975-9570-8180"
677,1059,5,2021,19769.42,2965.41,988.47,3590,27313.31,1976.94,0.0,770,2746.94,24566.36,"2021-05-25","1267-2975-9570-8180"
678,1059,6,2021,20368.65,3055.3,1018.43,4562,29004.38,2036.86,0.0,1720,3756.86,25247.51,"2021-06-27","1267-2975-9570-8180"
679,1059,7,2021,20496.41,3074.46,1024.82,3446,28041.69,2049.64,0.0,907,2956.64,25085.05,"2021-07-27","1267-2975-9570-8180"
680,1059,8,2021,19629.84,2944.48,981.49,4213,27768.81,1962.98,0.0,883,2845.98,24922.82,"2021-08-26","1267-2975-9570-8180"
681,1059,9,2021,20800.95,3120.14,1040.05,3646,28607.13,2080.09,0.0,1747,3827.09,24780.04,"2021-09-28","1267-2975-9570-8180"
682,1059,10,2021,20497.4,3074.61,1024.87,2391,26987.88,2049.74,0.0,1305,3354.74,23633.14,"2021-10-25","1267-2975-9570-8180"
683,1059,11,2021,20578.15,3086.72,1028.91,2054,26747.78,2057.81,0.0,1650,3707.81,23039.96,"2021-11-27","1267-2975-9570-8180"
684,1059,12,2021,20000.46,3000.07,1000.02,4344,28344.55,2000.05,0.0,1112,3112.05,25232.51,"2021-12-27","1267-2975-9570-8180"
685,1061,1,2021,50992.55,7648.88,2549.63,4018,65209.06,5099.25,49.63,1286,6434.88,58774.18,"2021-01-26","2508-2652-8903-6319"
686,1061,2,2021,52644.54,7896.68,2632.23,3956,67129.44,5264.45,132.23,801,6197.68,60931.76,"2021-02-26","2508-2652-8903-6319"
687,1061,3,2021,52390.22,7858.53,2619.51,3110,65978.26,5239.02,119.51,1669,7027.53,58950.73,"2021-03-28","2508-2652-8903-6319"
688,1061,4,2021,51713.65,7757.05,2585.68,4513,66569.38,5171.37,85.68,1444,6701.05,59868.33,"2021-04-28","2508-2652-8903-6319"
689,1061,5,2021,53480.31,8022.05,2674.02,4888,69064.37,5348.03,174.02,1634,7156.05,61908.33,"2021-05-27","2508-2652-8903-6319"
690,1061,6,2021,49019.63,7352.94,2450.98,2016,60839.56,4901.96,0.0,1489,6390.96,54448.59,"2021-06-26","2508-2652-8903-6319"
691,1061,7,2021,49367.12,7405.07,2468.36,3931,63171.54,4936.71,0.0,1754,6690.71,56480.83,"2021-07-26","2508-2652-8903-6319"
692,1061,8,2021,52101.32,7815.2,2605.07,3410,65931.58,5210.13,105.07,948,6263.2,59668.38,"2021-08-27","2508-2652-8903-6319"
693,1061,9,2021,50196.27,7529.44,2509.81,3411,63646.52,5019.63,9.81,1711,6740.44,56906.08,"2021-09-26","2508-2652-8903-6319"
694,1061,10,2021,48644.84,7296.73,2432.24,3231,61604.8,4864.48,0.0,1849,6713.48,54891.32,"2021-10-28","2508-2652-8903-6319"
695,1061,11,2021,51373.76,7706.06,2568.69,2293,63941.51,5137.38,68.69,1939,7145.06,56796.45,"2021-11-25","2508-2652-8903-6319"
696,1061,12,2021,51924.63,7788.69,2596.23,3041,65350.55,5192.46,96.23,1653,6941.69,58408.86,"2021-12-28","2508-2652-8903-6319"
697,1062,1,2021,23274.16,3491.12,1163.71,3615,31543.99,2327.42,0.0,1313,3640.42,27903.58,"2021-01-27","8036-9463-6486-3265"
698,1062,2,2021,22181.21,3327.18,1109.06,4882,31499.45,2218.12,0.0,1728,3946.12,27553.33,"2021-02-27","8036-9463-6486-3265"
699,1062,3,2021,24090.28,3613.54,1204.51,2995,31903.33,2409.03,0.0,1676,4085.03,27818.3,"2021-03-26","8036-9463-6486-3265"
700,1062,4,2021,23968.6,3595.29,1198.43,2778,31540.32,2396.86,0.0,1465,3861.86,27678.46,"2021-04-26","8036-9463-6486-3265"
701,1062,5,2021,22231.39,3334.71,1111.57,2202,28879.67,2223.14,0.0,1451,3674.14,25205.53,"2021-05-27","8036-9463-6486-3265"
702,1062,6,2021,22598.81,3389.82,1129.94,3509,30627.57,2259.88,0.0,1660,3919.88,26707.69,"2021-06-27","8036-9463-6486-3265"
703,1062,7,2021,24045.9,3606.89,1202.3,4110,32965.08,2404.59,0.0,1828,4232.59,28732.49,"2021-07-26","8036-9463-6486-3265"
704,1062,8,2021,22380.32,3357.05,1119.02,3689,30545.39,2238.03,0.0,1084,3322.03,27223.36,"2021-08-27","8036-9463-6486-3265"
705,1062,9,2021,23047.87,3457.18,1152.39,4587,32244.44,2304.79,0.0,1180,3484.79,28759.65,"2021-09-25","8036-9463-6486-3265"
706,1062,10,2021,23134.79,3470.22,1156.74,2856,30617.74,2313.48,0.0,1289,3602.48,27015.27,"2021-10-27","8036-9463-6486-3265"
707,1062,11,2021,23342.63,3501.39,1167.13,2977,30988.16,2334.26,0.0,922,3256.26,27731.9,"2021-11-25","8036-9463-6486-3265"
708,1062,12,2021,22542.01,3381.3,1127.1,2899,29949.41,2254.2,0.0,1851,4105.2,25844.21,"2021-12-28","8036-9463-6486-3265"
709,1063,1,2021,35761.81,5364.27,1788.09,2040,44954.17,3576.18,0.0,1183,4759.18,40194.99,"2021-01-28","8233-1379-4920-8478"
710,1063,2,2021,38791.76,5818.76,1939.59,3502,50052.11,3879.18,0.0,532,4411.18,45640.93,"2021-02-26","8233-1379-4920-8478"
711,1063,3,2021,35820.31,5373.05,1791.02,3334,46318.37,3582.03,0.0,1414,4996.03,41322.34,"2021-03-26","8233-1379-4920-8478"
712,1063,4,2021,38875.24,5831.29,1943.76,4116,50766.28,3887.52,0.0,629,4516.52,46249.76,"2021-04-26","8233-1379-4920-8478"
713,1063,5,2021,36853.82,5528.07,1842.69,3335,47559.59,3685.38,0.0,1924,5609.38,41950.2,"2021-05-26","8233-1379-4920-8478"
714,1063,6,2021,38015.59,5702.34,1900.78,3634,49252.71,3801.56,0.0,875,4676.56,44576.15,"2021-06-27","8233-1379-4920-8478"
715,1063,7,2021,38360.68,5754.1,1918.03,4256,50288.81,3836.07,0.0,1443,5279.07,45009.74,"2021-07-25","8233-1379-4920-8478"
716,1063,8,2021,37481.51,5622.23,1874.08,3922,48899.81,3748.15,0.0,984,4732.15,44167.66,"2021-08-28","8233-1379-4920-8478"
717,1063,9,2021,38758.64,5813.8,1937.93,3415,49925.37,3875.86,0.0,1152,5027.86,44897.51,"2021-09-25","8233-1379-4920-8478"
718,1063,10,2021,38605.48,5790.82,1930.27,2318,48644.57,3860.55,0.0,1367,5227.55,43417.02,"2021-10-25","8233-1379-4920-8478"
719,1063,11,2021,38435.35,5765.3,1921.77,4204,50326.43,3843.54,0.0,929,4772.54,45553.89,"2021-11-27","8233-1379-4920-8478"
720,1063,12,2021,36469.24,5470.39,1823.46,3531,47294.09,3646.92,0.0,1970,5616.92,41677.16,"2021-12-28","8233-1379-4920-8478"
721,1064,1,2021,21180.1,3177.02,1059.01,3233,28649.13,2118.01,0.0,979,3097.01,25552.11,"2021-01-27","4386-2884-4774-1439"
722,1064,2,2021,21744.87,3261.73,1087.24,2368,28461.85,2174.49,0.0,1399,3573.49,24888.36,"2021-02-28","4386-2884-4774-1439"
723,1064,3,2021,22666.85,3400.03,1133.34,2057,29257.22,2266.68,0.0,1942,4208.68,25048.53,"2021-03-27","4386-2884-4774-1439"
724,1064,4,2021,21487.73,3223.16,1074.39,4111,29896.27,2148.77,0.0,1053,3201.77,26694.5,"2021-04-26","4386-2884-4774-1439"
725,1064,5,2021,23305.42,3495.81,1165.27,2338,30304.51,2330.54,0.0,707,3037.54,27266.97,"2021-05-26","4386-2884-4774-1439"
726,1064,6,2021,21590.51,3238.58,1079.53,2428,28336.62,2159.05,0.0,1476,3635.05,24701.57,"2021-06-28","4386-2884-4774-1439"
727,1064,7,2021,22293.19,3343.98,1114.66,2901,29652.83,2229.32,0.0,1719,3948.32,25704.51,"2021-07-28","4386-2884-4774-1439"
728,1064,8,2021,22341.47,3351.22,1117.07,4493,31302.77,2234.15,0.0,1426,3660.15,27642.62,"2021-08-28","4386-2884-4774-1439"
729,1064,9,2021,21877.99,3281.7,1093.9,2420,28673.59,2187.8,0.0,1729,3916.8,24756.79,"2021-09-28","4386-2884-4774-1439"
730,1064,10,2021,21831.3,3274.69,1091.56,2281,28478.55,2183.13,0.0,1789,3972.13,24506.42,"2021-10-25","4386-2884-4774-1439"
731,1064,11,2021,22580.38,3387.06,1129.02,2408,29504.46,2258.04,0.0,523,2781.04,26723.42,"2021-11-28","4386-2884-4774-1439"
732,1064,12,2021,22372.97,3355.94,1118.65,4975,31822.56,2237.3,0.0,1442,3679.3,28143.26,"2021-12-26","4386-2884-4774-1439"
733,1065,1,2021,27260.03,4089.0,1363.0,2215,34927.03,2726.0,0.0,896,3622.0,31305.03,"2021-01-27","2314-2529-1098-5854"
734,1065,2,2021,27851.09,4177.66,1392.55,4018,37439.3,2785.11,0.0,1908,4693.11,32746.19,"2021-02-26","2314-2529-1098-5854"
735,1065,3,2021,27434.86,4115.23,1371.74,4691,37612.84,2743.49,0.0,609,3352.49,34260.35,"2021-03-26","2314-2529-1098-5854"
736,1065,4,2021,26824.64,4023.7,1341.23,2465,34654.57,2682.46,0.0,884,3566.46,31088.1,"2021-04-28","2314-2529-1098-5854"
737,1065,5,2021,28128.35,4219.25,1406.42,4343,38097.02,2812.84,0.0,761,3573.84,34523.19,"2021-05-25","2314-2529-1098-5854"
738,1065,6,2021,28558.0,4283.7,1427.9,4297,38566.6,2855.8,0.0,1915,4770.8,33795.8,"2021-06-28","2314-2529-1098-5854"
739,1065,7,2021,27388.7,4108.31,1369.44,3843,36709.44,2738.87,0.0,933,3671.87,33037.57,"2021-07-27","2314-2529-1098-5854"
740,1065,8,2021,27926.36,4188.95,1396.32,3058,36569.63,2792.64,0.0,1069,3861.64,32708.0,"2021-08-26","2314-2529-1098-5854"
741,1065,9,2021,26393.19,3958.98,1319.66,4809,36480.83,2639.32,0.0,1932,4571.32,31909.51,"2021-09-26","2314-2529-1098-5854"
742,1065,10,2021,28186.46,4227.97,1409.32,4289,38112.75,2818.65,0.0,529,3347.65,34765.1,"2021-10-25","2314-2529-1098-5854"
743,1065,11,2021,28419.47,4262.92,1420.97,4220,38323.37,2841.95,0.0,1082,3923.95,34399.42,"2021-11-27","2314-2529-1098-5854"
744,1065,12,2021,26522.45,3978.37,1326.12,3197,35023.94,2652.25,0.0,589,3241.25,31782.7,"2021-12-26","2314-2529-1098-5854"
745,1066,1,2021,32331.33,4849.7,1616.57,4734,43531.59,3233.13,0.0,1845,5078.13,38453.46,"2021-01-25","8617-7920-5626-4047"
746,1066,2,2021,32195.53,4829.33,1609.78,4942,43576.63,3219.55,0.0,1947,5166.55,38410.08,"2021-02-27","8617-7920-5626-4047"
747,1066,3,2021,31168.35,4675.25,1558.42,2785,40187.02,3116.84,0.0,1159,4275.84,35911.19,"2021-03-28","8617-7920-5626-4047"
748,1066,4,2021,30914.6,4637.19,1545.73,3038,40135.52,3091.46,0.0,1981,5072.46,35063.06,"2021-04-28","8617-7920-5626-4047"
749,1066,5,2021,30740.91,4611.14,1537.05,2444,39333.09,3074.09,0.0,1614,4688.09,34645.0,"2021-05-26","8617-7920-5626-4047"
750,1066,6,2021,31326.07,4698.91,1566.3,3248,40839.29,3132.61,0.0,1635,4767.61,36071.68,"2021-06-25","8617-7920-5626-4047"
751,1066,7,2021,30561.5,4584.23,1528.08,4831,41504.8,3056.15,0.0,880,3936.15,37568.65,"2021-07-26","8617-7920-5626-4047"
752,1066,8,2021,31325.82,4698.87,1566.29,2531,40121.98,3132.58,0.0,1715,4847.58,35274.4,"2021-08-28","8617-7920-5626-4047"
753,1066,9,2021,33256.39,4988.46,1662.82,2494,42401.67,3325.64,0.0,1754,5079.64,37322.03,"2021-09-28","8617-7920-5626-4047"
754,1066,10,2021,31646.78,4747.02,1582.34,4029,42005.14,3164.68,0.0,611,3775.68,38229.46,"2021-10-25","8617-7920-5626-4047"
755,1066,11,2021,31279.41,4691.91,1563.97,3375,40910.29,3127.94,0.0,1957,5084.94,35825.35,"2021-11-28","8617-7920-5626-4047"
756,1066,12,2021,33269.31,4990.4,1663.47,3494,43417.17,3326.93,0.0,707,4033.93,39383.24,"2021-12-27","8617-7920-5626-4047"
757,1067,1,2021,125679.31,18851.9,6283.97,4076,154891.18,12567.93,3783.97,799,17150.9,137740.28,"2021-01-28","4702-6628-6624-4875"
758,1067,2,2021,128853.36,19328.0,6442.67,2068,156692.04,12885.34,3942.67,1408,18236.0,138456.03,"2021-02-27","4702-6628-6624-4875"
759,1067,3,2021,126050.87,18907.63,6302.54,3669,154930.04,12605.09,3802.54,1537,17944.63,136985.41,"2021-03-27","4702-6628-6624-4875"
760,1067,4,2021,133979.24,20096.89,6698.96,4682,165457.08,13397.92,4198.96,626,18222.89,147234.2,"2021-04-25","4702-6628-6624-4875"
761,1067,5,2021,129451.04,19417.66,6472.55,4844,160185.25,12945.1,3972.55,1267,18184.66,142000.59,"2021-05-26","4702-6628-6624-4875"
762,1067,6,2021,134759.3,20213.9,6737.97,2795,164506.16,13475.93,4237.97,530,18243.9,146262.27,"2021-06-26","4702-6628-6624-4875"
763,1067,7,2021,132217.22,19832.58,6610.86,2522,161182.66,13221.72,4110.86,1687,19019.58,142163.08,"2021-07-27","4702-6628-6624-4875"
764,1067,8,2021,127315.19,19097.28,6365.76,4424,157202.22,12731.52,3865.76,1438,18035.28,139166.95,"2021-08-25","4702-6628-6624-4875"
765,1067,9,2021,135187.43,20278.11,6759.37,4184,166408.91,13518.74,4259.37,1747,19525.11,146883.8,"2021-09-26","4702-6628-6624-4875"
766,1067,10,2021,129877.93,19481.69,6493.9,2584,158437.52,12987.79,3993.9,1892,18873.69,139563.83,"2021-10-28","4702-6628-6624-4875"
767,1067,11,2021,133492.75,20023.91,6674.64,2240,162431.3,13349.27,4174.64,1752,19275.91,143155.38,"2021-11-25","4702-6628-6624-4875"
768,1067,12,2021,125605.96,18840.89,6280.3,4845,155572.15,12560.6,3780.3,1239,17579.89,137992.26,"2021-12-28","4702-6628-6624-4875"
769,1068,1,2021,42026.46,6303.97,2101.32,3256,53687.75,4202.65,0.0,1240,5442.65,48245.1,"2021-01-25","7563-2391-1182-2521"
770,1068,2,2021,41829.2,6274.38,2091.46,3726,53921.04,4182.92,0.0,1304,5486.92,48434.12,"2021-02-28","7563-2391-1182-2521"
771,1068,3,2021,42445.86,6366.88,2122.29,3435,54370.03,4244.59,0.0,757,5001.59,49368.44,"2021-03-26","7563-2391-1182-2521"
772,1068,4,2021,42394.29,6359.14,2119.71,4323,55196.15,4239.43,0.0,996,5235.43,49960.72,"2021-04-26","7563-2391-1182-2521"
773,1068,5,2021,41413.04,6211.96,2070.65,4685,54380.65,4141.3,0.0,933,5074.3,49306.34,"2021-05-28","7563-2391-1182-2521"
774,1068,6,2021,41930.62,6289.59,2096.53,2038,52354.74,4193.06,0.0,1816,6009.06,46345.68,"2021-06-27","7563-2391-1182-2521"
775,1068,7,2021,42983.31,6447.5,2149.17,3067,54646.97,4298.33,0.0,1281,5579.33,49067.64,"2021-07-28","7563-2391-1182-2521"
776,1068,8,2021,40537.48,6080.62,2026.87,3451,52095.98,4053.75,0.0,1530,5583.75,46512.23,"2021-08-26","7563-2391-1182-2521"
777,1068,9,2021,41633.02,6244.95,2081.65,2570,52529.62,4163.3,0.0,848,5011.3,47518.32,"2021-09-27","7563-2391-1182-2521"
778,1068,10,2021,39784.03,5967.6,1989.2,3015,50755.83,3978.4,0.0,1961,5939.4,44816.43,"2021-10-27","7563-2391-1182-2521"
779,1068,11,2021,41586.39,6237.96,2079.32,3730,53633.66,4158.64,0.0,1412,5570.64,48063.03,"2021-11-25","7563-2391-1182-2521"
780,1068,12,2021,40020.5,6003.08,2001.03,4457,52481.6,4002.05,0.0,639,4641.05,47840.55,"2021-12-28","7563-2391-1182-2521"
781,1069,1,2021,25316.88,3797.53,1265.84,4793,35173.26,2531.69,0.0,1641,4172.69,31000.57,"2021-01-25","5915-9237-5847-2593"
782,1069,2,2021,25670.24,3850.54,1283.51,2140,32944.29,2567.02,0.0,1303,3870.02,29074.26,"2021-02-26","5915-9237-5847-2593"
783,1069,3,2021,26339.67,3950.95,1316.98,2794,34401.61,2633.97,0.0,1347,3980.97,30420.64,"2021-03-26","5915-9237-5847-2593"
784,1069,4,2021,25233.34,3785.0,1261.67,3536,33816.0,2523.33,0.0,1266,3789.33,30026.67,"2021-04-28","5915-9237-5847-2593"
785,1069,5,2021,27366.87,4105.03,1368.34,3527,36367.24,2736.69,0.0,1121,3857.69,32509.56,"2021-05-25","5915-9237-5847-2593"
786,1069,6,2021,26209.66,3931.45,1310.48,2701,34152.6,2620.97,0.0,1093,3713.97,30438.63,"2021-06-26","5915-9237-5847-2593"
787,1069,7,2021,27326.13,4098.92,1366.31,3218,36009.35,2732.61,0.0,1467,4199.61,31809.74,"2021-07-25","5915-9237-5847-2593"
788,1069,8,2021,26146.14,3921.92,1307.31,2839,34214.37,2614.61,0.0,856,3470.61,30743.75,"2021-08-27","5915-9237-5847-2593"
789,1069,9,2021,26168.8,3925.32,1308.44,3872,35274.56,2616.88,0.0,1802,4418.88,30855.68,"2021-09-27","5915-9237-5847-2593"
790,1069,10,2021,26687.14,4003.07,1334.36,3200,35224.57,2668.71,0.0,585,3253.71,31970.86,"2021-10-28","5915-9237-5847-2593"
791,1069,11,2021,27411.15,4111.67,1370.56,2460,35353.38,2741.12,0.0,1139,3880.12,31473.27,"2021-11-27","5915-9237-5847-2593"
792,1069,12,2021,25677.75,3851.66,1283.89,2299,33112.3,2567.78,0.0,1264,3831.78,29280.53,"2021-12-28","5915-9237-5847-2593"
